Workbook

Sheet Stocks
A1: Ticker | B1: Weight | C1: Sector | D1: Market Cap | E1: Country | F1: Communication | G1: Consumer Discretionary | H1: Consumer Staples | I1: Energy | J1: Financials | K1: Health Care | L1: Industrials | M1: Information Technology | N1: Materials | O1: Real Estate | P1: Utilities | Q1: size | R1: beta | S1: momentum | T1: residvol | U1: nlsize | V1: btop | W1: liquidity | X1: earnyild | Y1: growth | Z1: leverage | AA1: Idio Vol
A2: AES | B2: 0.05 | C2: Utilities | D2: 9.2845664e+09 | E2: 1 | F2: 0 | G2: 0 | H2: 0 | I2: 0 | J2: 0 | K2: 0 | L2: 0 | M2: 0 | N2: 0 | O2: 0 | P2: 1 | Q2: -1.8753286 | R2: 0.29395065 | S2: -0.4947023 | T2: 0.34999499 | U2: 3.1791986 | V2: 0.21530903 | W2: 0.76938576 | X2: 0.025940408 | Y2: 0.4018156 | Z2: 2.1466394 | AA2: =STDEVP(Residuals!B2:B245)*SQRT(252)
A3: AMZN | B3: 0.05 | C3: Consumer Discretionary | D3: 2.459585e+12 | E3: 1 | F3: 0 | G3: 1 | H3: 0 | I3: 0 | J3: 0 | K3: 0 | L3: 0 | M3: 0 | N3: 0 | O3: 0 | P3: 0 | Q3: 1.3557378 | R3: 0.51006495 | S3: -0.0028249758 | T3: 0.4972496 | U3: -2.4573468 | V3: -0.1202573 | W3: -1.0806622 | X3: -0.0070426723 | Y3: 0.70250401 | Z3: -0.24131279 | AA3: =STDEVP(Residuals!C2:C245)*SQRT(252)
A4: ASO | B4: 0.05 | C4: Consumer Discretionary | D4: 3.737031e+09 | E4: 1 | F4: 0 | G4: 1 | H4: 0 | I4: 0 | J4: 0 | K4: 0 | L4: 0 | M4: 0 | N4: 0 | O4: 0 | P4: 0 | Q4: -2.4023519 | R4: 1.4473628 | S4: -0.42771011 | T4: -0.74904462 | U4: 3.3589218 | V4: 0.49958099 | W4: 1.1074427 | X4: 0.25145157 | Y4: -0.8189211 | Z4: 0.096582546 | AA4: =STDEVP(Residuals!D2:D245)*SQRT(252)
A5: CCOI | B5: 0.05 | C5: Communication | D5: 1.8540629e+09 | E5: 1 | F5: 1 | G5: 0 | H5: 0 | I5: 0 | J5: 0 | K5: 0 | L5: 0 | M5: 0 | N5: 0 | O5: 0 | P5: 0 | Q5: -2.8082549 | R5: -0.32685386 | S5: -1.6149885 | T5: 0.83569421 | U5: 3.1543909 | V5: -0.28354209 | W5: 1.1474953 | X5: -0.15501889 | Y5: 0.31361695 | Z5: 4.5657038 | AA5: =STDEVP(Residuals!E2:E245)*SQRT(252)
A6: DLB | B6: 0.05 | C6: Information Technology | D6: 4.4068277e+09 | E6: 1 | F6: 0 | G6: 0 | H6: 0 | I6: 0 | J6: 0 | K6: 0 | L6: 0 | M6: 1 | N6: 0 | O6: 0 | P6: 0 | Q6: -2.3068782 | R6: -0.2091857 | S6: -0.62180866 | T6: -0.83154403 | U6: 3.3610378 | V6: 0.55242778 | W6: -0.54354396 | X6: 0.017669581 | Y6: -0.37577703 | Z6: -0.61793915 | AA6: =STDEVP(Residuals!F2:F245)*SQRT(252)
A7: FIZZ | B7: 0.05 | C7: Consumer Staples | D7: 3.9559563e+09 | E7: 1 | F7: 0 | G7: 0 | H7: 1 | I7: 0 | J7: 0 | K7: 0 | L7: 0 | M7: 0 | N7: 0 | O7: 0 | P7: 0 | Q7: -2.3693828 | R7: -1.6128703 | S7: -0.38983968 | T7: 0.18103681 | U7: 3.3615169 | V7: -0.13247021 | W7: -2.5392686 | X7: 0.025927582 | Y7: -0.45826997 | Z7: -0.44559355 | AA7: =STDEVP(Residuals!G2:G245)*SQRT(252)
A8: GE | B8: 0.05 | C8: Industrials | D8: 2.8601625e+11 | E8: 1 | F8: 0 | G8: 0 | H8: 0 | I8: 0 | J8: 0 | K8: 0 | L8: 1 | M8: 0 | N8: 0 | O8: 0 | P8: 0 | Q8: 0.10967371 | R8: -0.030720794 | S8: 0.91720349 | T8: 0.19906466 | U8: -0.15402021 | V8: -0.22189488 | W8: -0.85914486 | X8: -0.041462575 | Y8: 0.48587772 | Z8: -0.25152451 | AA8: =STDEVP(Residuals!H2:H245)*SQRT(252)
A9: JPM | B9: 0.05 | C9: Financials | D9: 7.9940874e+11 | E9: 1 | F9: 0 | G9: 0 | H9: 0 | I9: 0 | J9: 1 | K9: 0 | L9: 0 | M9: 0 | N9: 0 | O9: 0 | P9: 0 | Q9: 0.70489363 | R9: -0.090437439 | S9: 0.40488704 | T9: 0.15517779 | U9: -1.3617314 | V9: 0.33884349 | W9: -1.5008819 | X9: 0.078211699 | Y9: 0.066611025 | Z9: -0.15981053 | AA9: =STDEVP(Residuals!I2:I245)*SQRT(252)
A10: LIN | B10: 0.05 | C10: Materials | D10: 2.2385982e+11 | E10: 1 | F10: 0 | G10: 0 | H10: 0 | I10: 0 | J10: 0 | K10: 0 | L10: 0 | M10: 0 | N10: 1 | O10: 0 | P10: 0 | Q10: -0.032224069 | R10: -0.82665366 | S10: -0.38308946 | T10: 0.02452923 | U10: 0.14435137 | V10: -0.066565481 | W10: -1.3110954 | X10: -0.01462025 | Y10: -0.31742167 | Z10: 0.016220237 | AA10: =STDEVP(Residuals!J2:J245)*SQRT(252)
A11: LLY | B11: 0.05 | C11: Health Care | D11: 6.5613233e+11 | E11: 1 | F11: 0 | G11: 0 | H11: 0 | I11: 0 | J11: 0 | K11: 1 | L11: 0 | M11: 0 | N11: 0 | O11: 0 | P11: 0 | Q11: 0.59051427 | R11: -0.6595035 | S11: -0.75659482 | T11: 1.5363995 | U11: -1.1395305 | V11: -0.27958492 | W11: -0.66923148 | X11: -0.029280634 | Y11: 0.30933404 | Z11: 0.31347772 | AA11: =STDEVP(Residuals!K2:K245)*SQRT(252)
A12: META | B12: 0.05 | C12: Communication | D12: 1.6322192e+12 | E12: 1 | F12: 1 | G12: 0 | H12: 0 | I12: 0 | J12: 0 | K12: 0 | L12: 0 | M12: 0 | N12: 0 | O12: 0 | P12: 0 | Q12: 1.1182738 | R12: 0.75388554 | S12: 0.12880042 | T12: 0.48519389 | U12: -2.0974887 | V12: -0.14417638 | W12: -0.52485324 | X12: 0.0071379207 | Y12: 0.27052917 | Z12: -0.2976345 | AA12: =STDEVP(Residuals!L2:L245)*SQRT(252)
A13: MMS | B13: 0.05 | C13: Industrials | D13: 4.7584781e+09 | E13: 1 | F13: 0 | G13: 0 | H13: 0 | I13: 0 | J13: 0 | K13: 0 | L13: 1 | M13: 0 | N13: 0 | O13: 0 | P13: 0 | Q13: -2.2624185 | R13: -1.0523056 | S13: -0.8010676 | T13: -0.087506505 | U13: 3.3564797 | V13: 0.22970547 | W13: 0.086823593 | X13: 0.12409617 | Y13: -0.12242958 | Z13: 0.31825005 | AA13: =STDEVP(Residuals!M2:M245)*SQRT(252)
A14: NEE | B14: 0.05 | C14: Utilities | D14: 1.5167612e+11 | E14: 1 | F14: 0 | G14: 0 | H14: 0 | I14: 0 | J14: 0 | K14: 0 | L14: 0 | M14: 0 | N14: 0 | O14: 0 | P14: 1 | Q14: -0.25765456 | R14: -1.4193023 | S14: -0.40374957 | T14: 0.88151466 | U14: 0.61646181 | V14: 0.17401134 | W14: -0.91682962 | X14: 0.083174216 | Y14: 0.094599663 | Z14: 0.58187996 | AA14: =STDEVP(Residuals!N2:N245)*SQRT(252)
A15: NVDA | B15: 0.05 | C15: Information Technology | D15: 4.4132934e+12 | E15: 1 | F15: 0 | G15: 0 | H15: 0 | I15: 0 | J15: 0 | K15: 0 | L15: 0 | M15: 1 | N15: 0 | O15: 0 | P15: 0 | Q15: 1.6943003 | R15: 1.1595834 | S15: 0.9319097 | T15: 0.5799402 | U15: -2.8665141 | V15: -0.28720887 | W15: -0.062180233 | X15: -0.057612278 | Y15: 2.1511253 | Z15: -0.48940572 | AA15: =STDEVP(Residuals!O2:O245)*SQRT(252)
A16: PFS | B16: 0.05 | C16: Financials | D16: 2.5621972e+09 | E16: 1 | F16: 0 | G16: 0 | H16: 0 | I16: 0 | J16: 1 | K16: 0 | L16: 0 | M16: 0 | N16: 0 | O16: 0 | P16: 0 | Q16: -2.620922 | R16: 0.031852476 | S16: -0.12399986 | T16: -0.87530478 | U16: 3.2897704 | V16: 1.240329 | W16: -1.1474428 | X16: 0.17166068 | Y16: -0.30928687 | Z16: -0.029198796 | AA16: =STDEVP(Residuals!P2:P245)*SQRT(252)
A17: TVTX | B17: 0.05 | C17: Health Care | D17: 1.5603974e+09 | E17: 1 | F17: 0 | G17: 0 | H17: 0 | I17: 0 | J17: 0 | K17: 1 | L17: 0 | M17: 0 | N17: 0 | O17: 0 | P17: 0 | Q17: -2.9081155 | R17: 0.25293844 | S17: -0.18091205 | T17: 0.089364631 | U17: 3.0516647 | V17: -0.2897234 | W17: 0.73381114 | X17: -0.13557282 | Y17: 0.20809427 | Z17: 1.6859139 | AA17: =STDEVP(Residuals!Q2:Q245)*SQRT(252)
A18: USLM | B18: 0.05 | C18: Materials | D18: 3.5643435e+09 | E18: 1 | F18: 0 | G18: 0 | H18: 0 | I18: 0 | J18: 0 | K18: 0 | L18: 0 | M18: 0 | N18: 1 | O18: 0 | P18: 0 | Q18: -2.4297503 | R18: 0.30650987 | S18: 0.30711225 | T18: -0.32851936 | U18: 3.3552428 | V18: -0.087268582 | W18: -1.1114904 | X18: -0.022809315 | Y18: 0.40515162 | Z18: -0.62962494 | AA18: =STDEVP(Residuals!R2:R245)*SQRT(252)
A19: WHD | B19: 0.05 | C19: Energy | D19: 2.8544448e+09 | E19: 1 | F19: 0 | G19: 0 | H19: 0 | I19: 1 | J19: 0 | K19: 0 | L19: 0 | M19: 0 | N19: 0 | O19: 0 | P19: 0 | Q19: -2.5583714 | R19: 0.98240399 | S19: -0.72774199 | T19: -0.66201409 | U19: 3.3190168 | V19: 0.27349775 | W19: -0.038441062 | X19: 0.052288341 | Y19: 0.78901529 | Z19: -0.59430259 | AA19: =STDEVP(Residuals!S2:S245)*SQRT(252)
A20: WMT | B20: 0.05 | C20: Consumer Staples | D20: 7.6421583e+11 | E20: 1 | F20: 0 | G20: 0 | H20: 1 | I20: 0 | J20: 0 | K20: 0 | L20: 0 | M20: 0 | N20: 0 | O20: 0 | P20: 0 | Q20: 0.678821 | R20: -0.81717278 | S20: 0.1246094 | T20: 0.63330173 | U20: -1.311662 | V20: -0.14654059 | W20: -1.9947353 | X20: -0.00018746125 | Y20: -0.23678993 | Z20: -0.12598275 | AA20: =STDEVP(Residuals!T2:T245)*SQRT(252)
A21: XOM | B21: 0.05 | C21: Energy | D21: 4.6709676e+11 | E21: 1 | F21: 0 | G21: 0 | H21: 0 | I21: 1 | J21: 0 | K21: 0 | L21: 0 | M21: 0 | N21: 0 | O21: 0 | P21: 0 | Q21: 0.39371863 | R21: -0.95443029 | S21: -0.41468151 | T21: 0.5497982 | U21: -0.74400189 | V21: 0.50975538 | W21: -1.1992133 | X21: 0.10847592 | Y21: -0.42314638 | Z21: -0.44149451 | AA21: =STDEVP(Residuals!U2:U245)*SQRT(252)

Sheet Covariance
B1: Country | C1: Communication | D1: Consumer Discretionary | E1: Consumer Staples | F1: Energy | G1: Financials | H1: Health Care | I1: Industrials | J1: Information Technology | K1: Materials | L1: Real Estate | M1: Utilities | N1: size | O1: beta | P1: momentum | Q1: residvol | R1: nlsize | S1: btop | T1: liquidity | U1: earnyild | V1: growth | W1: leverage
A2: Country | B2: 9.5282739e-05 | C2: -4.0356071e-06 | D2: -2.8660591e-06 | E2: -3.1180053e-05 | F2: -2.5213632e-06 | G2: 5.8638175e-06 | H2: -1.8641268e-05 | I2: 5.3946326e-06 | J2: 1.5427062e-05 | K2: 6.0004837e-06 | L2: -1.4059413e-05 | M2: -2.5930921e-05 | N2: -3.4470018e-06 | O2: 2.3571944e-05 | P2: 1.4604169e-06 | Q2: 1.0785282e-05 | R2: -2.3619586e-06 | S2: 3.2337589e-07 | T2: 1.0438212e-05 | U2: -1.8240609e-06 | V2: -5.7069653e-07 | W2: -3.9687567e-07
A3: Communication | B3: -4.0356071e-06 | C3: 1.7392349e-05 | D3: 3.6153623e-06 | E3: 7.8896184e-07 | F3: -1.1850299e-05 | G3: -2.0242661e-06 | H3: -2.5748887e-06 | I3: -3.4469056e-06 | J3: -2.2015927e-06 | K3: -4.6791232e-06 | L3: -1.7652235e-06 | M3: -4.7189053e-06 | N3: -4.21037e-07 | O3: 1.9367105e-07 | P3: -1.6287951e-06 | Q3: -7.0017077e-07 | R3: -2.7610387e-07 | S3: -7.1071285e-07 | T3: -8.4052944e-07 | U3: -3.4229653e-07 | V3: 1.0800577e-06 | W3: 6.9864814e-08
A4: Consumer Discretionary | B4: -2.8660591e-06 | C4: 3.6153623e-06 | D4: 2.5454301e-05 | E4: 7.9364117e-06 | F4: -1.98723e-05 | G4: 1.6404247e-06 | H4: -2.018895e-06 | I4: 7.4397704e-07 | J4: -1.0254252e-05 | K4: 4.7149021e-06 | L4: 1.8904053e-06 | M4: -6.300466e-06 | N4: -2.199096e-06 | O4: 2.1466769e-08 | P4: -6.9369415e-06 | Q4: -3.7323532e-06 | R4: -7.8799598e-09 | S4: 9.8016305e-07 | T4: -2.6371457e-06 | U4: 1.0903215e-06 | V4: -2.2163685e-06 | W4: 1.0727999e-06
A5: Consumer Staples | B5: -3.1180053e-05 | C5: 7.8896184e-07 | D5: 7.9364117e-06 | E5: 5.2337926e-05 | F5: -7.5330954e-06 | G5: -7.2005119e-06 | H5: 6.3842604e-06 | I5: 4.1237293e-06 | J5: -1.8050074e-05 | K5: 9.3218552e-06 | L5: 1.8132467e-05 | M5: 2.7527863e-05 | N5: 2.0350442e-06 | O5: 3.3329724e-06 | P5: -2.834729e-06 | Q5: -8.089682e-06 | R5: 8.1034123e-07 | S5: -2.1390568e-07 | T5: -7.3593313e-06 | U5: 7.8163862e-07 | V5: -3.4193957e-06 | W5: 1.8506344e-06
A6: Energy | B6: -2.5213632e-06 | C6: -1.1850299e-05 | D6: -1.98723e-05 | E6: -7.5330954e-06 | F6: 0.00013406043 | G6: -1.1322093e-06 | H6: -1.7029411e-05 | I6: 1.3314504e-06 | J6: 3.0959248e-06 | K6: -1.0977394e-06 | L6: 3.5455349e-06 | M6: 7.5779105e-06 | N6: 4.1725802e-06 | O6: -5.8919557e-06 | P6: 5.8884321e-06 | Q6: -3.9493312e-07 | R6: 1.0211772e-06 | S6: 4.372898e-06 | T6: 3.062912e-06 | U6: 5.1014666e-07 | V6: -2.1932225e-06 | W6: 1.6746281e-06
A7: Financials | B7: 5.8638175e-06 | C7: -2.0242661e-06 | D7: 1.6404247e-06 | E7: -7.2005119e-06 | F7: -1.1322093e-06 | G7: 2.0621051e-05 | H7: -6.8528212e-06 | I7: 6.4525327e-07 | J7: -4.7117936e-06 | K7: 3.9990673e-07 | L7: -3.48903e-07 | M7: -3.9051794e-06 | N7: -6.3122134e-07 | O7: -9.3070349e-07 | P7: 7.9646663e-07 | Q7: -1.0779809e-07 | R7: 6.8967586e-07 | S7: -7.0045033e-07 | T7: 1.6032204e-06 | U7: -6.5664927e-08 | V7: -1.0444831e-07 | W7: 3.3375819e-07
A8: Health Care | B8: -1.8641268e-05 | C8: -2.5748887e-06 | D8: -2.018895e-06 | E8: 6.3842604e-06 | F8: -1.7029411e-05 | G8: -6.8528212e-06 | H8: 5.2385614e-05 | I8: -2.2785676e-06 | J8: -1.3438491e-05 | K8: 6.7663681e-08 | L8: 8.2453493e-06 | M8: 7.0228289e-06 | N8: 2.660346e-07 | O8: -2.9452107e-06 | P8: -5.6835642e-06 | Q8: -4.9814039e-06 | R8: 1.2692696e-07 | S8: 1.0174532e-06 | T8: -3.4708749e-06 | U8: -5.1787764e-07 | V8: -1.0466771e-06 | W8: -1.6298064e-07
A9: Industrials | B9: 5.3946326e-06 | C9: -3.4469056e-06 | D9: 7.4397704e-07 | E9: 4.1237293e-06 | F9: 1.3314504e-06 | G9: 6.4525327e-07 | H9: -2.2785676e-06 | I9: 1.5892757e-05 | J9: -4.9451155e-06 | K9: 7.8370561e-06 | L9: 2.8428526e-06 | M9: 4.0401939e-06 | N9: 6.1942982e-07 | O9: 4.2794708e-06 | P9: 2.0063141e-07 | Q9: 1.7222936e-06 | R9: 6.1991677e-07 | S9: -4.4266604e-07 | T9: 5.3125356e-07 | U9: 4.1207908e-07 | V9: -8.093146e-07 | W9: -6.544283e-07
A10: Information Technology | B10: 1.5427062e-05 | C10: -2.2015927e-06 | D10: -1.0254252e-05 | E10: -1.8050074e-05 | F10: 3.0959248e-06 | G10: -4.7117936e-06 | H10: -1.3438491e-05 | I10: -4.9451155e-06 | J10: 1.8562289e-05 | K10: -7.96143e-06 | L10: -1.2211783e-05 | M10: -1.1120646e-05 | N10: -1.2085143e-07 | O10: -2.3225686e-07 | P10: 4.1753883e-06 | Q10: 5.2215602e-06 | R10: -7.6011824e-07 | S10: -4.9419212e-07 | T10: 3.5040062e-06 | U10: -4.2348595e-07 | V10: 2.4787364e-06 | W10: -1.0500312e-06
A11: Materials | B11: 6.0004837e-06 | C11: -4.6791232e-06 | D11: 4.7149021e-06 | E11: 9.3218552e-06 | F11: -1.0977394e-06 | G11: 3.9990673e-07 | H11: 6.7663681e-08 | I11: 7.8370561e-06 | J11: -7.96143e-06 | K11: 4.0364509e-05 | L11: 3.7702071e-06 | M11: 6.3044995e-06 | N11: -2.1948841e-06 | O11: 1.446042e-06 | P11: -1.0239636e-06 | Q11: 3.1046323e-06 | R11: -5.6598889e-07 | S11: 8.7252065e-07 | T11: 7.1526006e-07 | U11: -8.180444e-08 | V11: -2.222793e-06 | W11: 4.1087849e-07
A12: Real Estate | B12: -1.4059413e-05 | C12: -1.7652235e-06 | D12: 1.8904053e-06 | E12: 1.8132467e-05 | F12: 3.5455349e-06 | G12: -3.48903e-07 | H12: 8.2453493e-06 | I12: 2.8428526e-06 | J12: -1.2211783e-05 | K12: 3.7702071e-06 | L12: 2.9829905e-05 | M12: 1.9932876e-05 | N12: 1.4464849e-06 | O12: 8.1224686e-07 | P12: 7.0152122e-07 | Q12: -3.4087524e-06 | R12: 9.9358703e-07 | S12: -1.440946e-08 | T12: -2.4706346e-06 | U12: -1.3623254e-07 | V12: -2.3370325e-06 | W12: 1.8565141e-06
A13: Utilities | B13: -2.5930921e-05 | C13: -4.7189053e-06 | D13: -6.300466e-06 | E13: 2.7527863e-05 | F13: 7.5779105e-06 | G13: -3.9051794e-06 | H13: 7.0228289e-06 | I13: 4.0401939e-06 | J13: -1.1120646e-05 | K13: 6.3044995e-06 | L13: 1.9932876e-05 | M13: 5.4471354e-05 | N13: 3.4025919e-06 | O13: -2.5056597e-07 | P13: 5.4778627e-06 | Q13: -2.2083514e-06 | R13: -1.8494817e-07 | S13: -1.3148456e-06 | T13: -2.2002126e-06 | U13: 3.7594297e-07 | V13: -8.2585356e-07 | W13: -1.1872443e-07
... A23: leverage | B23: -3.9687567e-07 | C23: 6.9864814e-08 | D23: 1.0727999e-06 | E23: 1.8506344e-06 | F23: 1.6746281e-06 | G23: 3.3375819e-07 | H23: -1.6298064e-07 | I23: -6.544283e-07 | J23: -1.0500312e-06 | K23: 4.1087849e-07 | L23: 1.8565141e-06 | M23: -1.1872443e-07 | N23: 1.1106357e-06 | O23: -4.5650561e-07 | P23: -1.3441904e-06 | Q23: -2.0106055e-06 | R23: 6.027256e-07 | S23: 7.8882232e-07 | T23: -9.8194504e-07 | U23: 4.3931681e-07 | V23: -1.0890475e-07 | W23: 2.4543594e-06

Sheet FactorReturns
A1: Date | B1: Country | C1: Communication | D1: Consumer Discretionary | E1: Consumer Staples | F1: Energy | G1: Financials | H1: Health Care | I1: Industrials | J1: Information Technology | K1: Materials | L1: Real Estate | M1: Utilities | N1: size | O1: beta | P1: momentum | Q1: residvol | R1: nlsize | S1: btop | T1: liquidity | U1: earnyild | V1: growth | W1: leverage
A2: 2025-08-01 | B2: -0.0065821984 | C2: 0.010121703 | D2: 0.0014674198 | E2: -0.0035747967 | F2: 0.0041456298 | G2: 0.0036290844 | H2: -0.012432308 | I2: 0.0077608353 | J2: -0.0045211301 | K2: 0.0022461189 | L2: -0.001320587 | M2: 0.012039513 | N2: -0.0022787818 | O2: -0.0025889678 | P2: 0.0075148497 | Q2: 0.0021648191 | R2: -0.0018723497 | S2: -0.00087001305 | T2: -0.0011014323 | U2: 0.00049921171 | V2: 0.00097103033 | W2: -0.00055882534
A3: 2025-08-04 | B3: -0.016937434 | C3: -0.0027030372 | D3: 0.0039924201 | E3: 0.0014795966 | F3: -0.0068379545 | G3: -0.003194818 | H3: 0.0089825451 | I3: -0.0037807642 | J3: -0.00074966533 | K3: 0.00076786243 | L3: 0.0037847371 | M3: 0.0015010853 | N3: 0.0026473611 | O3: -0.012629635 | P3: 0.0018398501 | Q3: 0.0017443871 | R3: 0.0021126555 | S3: -0.00046686074 | T3: 0.00013791347 | U3: -0.0026089769 | V3: -0.0012008818 | W3: -0.00066488743
A4: 2025-08-05 | B4: 0.015956439 | C4: 0.0056389715 | D4: -0.00092452123 | E4: -0.0030408641 | F4: -0.010814693 | G4: -0.00019325825 | H4: 0.00090696566 | I4: -0.0065865301 | J4: 0.0014809897 | K4: -3.7432297e-05 | L4: -7.6626967e-05 | M4: 0.007812862 | N4: -0.0037376175 | O4: 0.0055806776 | P4: 0.0034431045 | Q4: 0.0012862865 | R4: -0.0012059586 | S4: -0.0027392431 | T4: 0.000145222 | U4: -0.0015942277 | V4: 0.00019381049 | W4: -0.0005892714
A5: 2025-08-06 | B5: -0.0053978281 | C5: -0.0070441549 | D5: 0.0054219705 | E5: -0.0038447231 | F5: 0.010532192 | G5: 0.0020632634 | H5: -0.0013894471 | I5: 0.010485368 | J5: -0.0054304811 | K5: 0.01791477 | L5: 0.010300288 | M5: -0.0050107124 | N5: -0.0045190268 | O5: -0.00077513591 | P5: 0.0010426843 | Q5: 0.0032919765 | R5: -0.0024502202 | S5: 0.0028503854 | T5: 0.00073056409 | U5: 0.0022891697 | V5: -0.0026049343 | W5: -0.0011078566
A6: 2025-08-07 | B6: 0.0068600276 | C6: 0.0038577934 | D6: 0.0080391912 | E6: 0.0092648027 | F6: -0.011248127 | G6: -0.003568167 | H6: -0.01534278 | I6: -0.005579924 | J6: 0.0051445293 | K6: -0.0098958756 | L6: -0.0070383922 | M6: -0.009895929 | N6: 0.00021699472 | O6: 0.00033133252 | P6: 0.0016442931 | Q6: -0.00019363797 | R6: -0.0011865979 | S6: 0.00046480361 | T6: -0.0035162632 | U6: -0.00024100643 | V6: 0.0010656581 | W6: -0.0019775525
A7: 2025-08-08 | B7: -0.0020324022 | C7: -0.0077678262 | D7: -0.00024834844 | E7: 0.0065602216 | F7: -0.0053084892 | G7: -0.0025624452 | H7: 0.0022174602 | I7: 0.0036894615 | J7: -0.0011825468 | K7: 0.017993463 | L7: 0.0042566543 | M7: 0.0087101011 | N7: 0.00050407507 | O7: -0.0026526831 | P7: 0.00044286639 | Q7: -0.0012305258 | R7: -0.0024647923 | S7: 0.0026014968 | T7: 0.0054311675 | U7: 0.0035176027 | V7: -0.0016753041 | W7: 0.0021375536
A8: 2025-08-11 | B8: 0.0054476794 | C8: -0.0088620173 | D8: -0.0047375907 | E8: 0.0010393322 | F8: 0.003043568 | G8: 0.0026355607 | H8: 0.011707698 | I8: -0.0009989493 | J8: 0.00049042562 | K8: 0.0065542147 | L8: -0.0099853547 | M8: -0.0050189742 | N8: 9.306812e-05 | O8: -0.0010875224 | P8: 0.0031500668 | Q8: -0.0034613842 | R8: -0.0029435569 | S8: 0.0019511746 | T8: -0.0013480772 | U8: 0.00064895445 | V8: -0.0036140817 | W8: -0.000895716
A9: 2025-08-12 | B9: -0.0025889812 | C9: 0.0041436938 | D9: 0.0030740963 | E9: 0.0010916808 | F9: -0.0051947709 | G9: 0.0031578476 | H9: 0.0039349336 | I9: 0.00048195952 | J9: -0.0041483427 | K9: -0.00081568322 | L9: -0.0033967824 | M9: -0.001636417 | N9: -0.0016893568 | O9: -0.0013915199 | P9: 0.0036151358 | Q9: 5.4181405e-05 | R9: -0.0016498878 | S9: 0.00093403522 | T9: 0.00039293839 | U9: 0.0035409247 | V9: -8.6926661e-05 | W9: 0.0014499352
A10: 2025-08-13 | B10: 0.011997487 | C10: 0.0027421295 | D10: 0.0025202441 | E10: -0.00014743299 | F10: -0.01187504 | G10: -0.00018059769 | H10: 0.0010621729 | I10: 0.0015280525 | J10: -0.0010313213 | K10: 0.0012804482 | L10: -0.0047852221 | M10: -0.00023899096 | N10: -0.0058831896 | O10: 0.010171698 | P10: -0.003121656 | Q10: -0.0012329527 | R10: -0.00070054996 | S10: 0.0014592633 | T10: -0.0016944716 | U10: 0.0013292118 | V10: -0.001600514 | W10: -1.5661315e-05
A11: 2025-08-14 | B11: 0.0033180301 | C11: 0.0024618365 | D11: 0.0063462632 | E11: -0.0090253344 | F11: -0.011565936 | G11: -0.0018374723 | H11: 0.0048325557 | I11: -2.9909167e-05 | J11: -0.00052926436 | K11: 0.0048780701 | L11: -0.003756606 | M11: -0.0073927546 | N11: -0.0035882636 | O11: 0.0017394466 | P11: -0.010828894 | Q11: -0.00052223836 | R11: 0.0011735528 | S11: 0.00060722887 | T11: 0.0018821032 | U11: 0.0010913708 | V11: -0.0020796651 | W11: 0.00093437141
A12: 2025-08-15 | B12: -0.0018866597 | C12: 0.0014367012 | D12: -0.0020665221 | E12: -0.0057861631 | F12: 0.0072910813 | G12: 0.0078730361 | H12: 0.0072577723 | I12: -0.0051068301 | J12: -0.0029193663 | K12: -0.0020769516 | L12: 0.00121159 | M12: -0.0014732952 | N12: 0.0034046703 | O12: -0.0018229829 | P12: 0.00029330231 | Q12: 0.00063734086 | R12: -0.0014730964 | S12: 0.0014748587 | T12: 0.0011423078 | U12: 6.8313088e-05 | V12: 4.9356168e-05 | W12: 0.00086448916
A13: 2025-08-18 | B13: -0.0021667871 | C13: 0.0049733634 | D13: 0.0011530171 | E13: -0.0044597101 | F13: -0.0024600441 | G13: -0.0052817203 | H13: 0.0082949259 | I13: -0.0019596371 | J13: -0.0002598004 | K13: -0.0020452537 | L13: 0.0045075595 | M13: -0.0067792633 | N13: 0.0014969536 | O13: -0.0040973685 | P13: -0.0032690146 | Q13: 0.0035411824 | R13: 0.00035609282 | S13: -0.00012452503 | T13: 0.0028598108 | U13: 1.3693138e-05 | V13: 0.002429076 | W13: 0.00089186813
... A22: 2025-08-29 | B22: 0.0047012439 | C22: 0.00071542819 | D22: -0.0052104546 | E22: -0.0057853616 | F22: 0.0077655651 | G22: -0.003129116 | H22: -0.0043243719 | I22: -0.0044983735 | J22: 0.0067537241 | K22: -0.0021299947 | L22: -0.0023217408 | M22: -0.0062634722 | N22: 0.00075748015 | O22: 0.0036564235 | P22: 0.0033293279 | Q22: 0.0017463429 | R22: 0.00074990151 | S22: -0.00044756448 | T22: -0.00030852817 | U22: -0.00029250557 | V22: 0.0018308007 | W22: 0.00049853002

Sheet Residuals
A1: Date | B1: AES | C1: AMZN | D1: ASO | E1: CCOI | F1: DLB | G1: FIZZ | H1: GE | I1: JPM | J1: LIN | K1: LLY | L1: META | M1: MMS | N1: NEE | O1: NVDA | P1: PFS | Q1: TVTX | R1: USLM | S1: WHD | T1: WMT | U1: XOM
A2: 2025-02-07 | B2: 0.031757519 | C2: -0.0010906846 | D2: 0.0014363614 | E2: 0.0043285936 | F2: 0.0077737774 | G2: -0.0029337331 | H2: 0.00024873743 | I2: 0.0091308315 | J2: 0.0074395467 | K2: 0.041245782 | L2: 0.0021527457 | M2: -0.07942424 | N2: -0.0015251749 | O2: 0.02056915 | P2: 0.020341654 | Q2: 0.042731239 | R2: -0.006654376 | S2: 0.0056329886 | T2: -0.0078530112 | U2: 0.0073391653
A3: 2025-02-10 | B3: -0.029257273 | C3: -0.023157423 | D3: -0.008677737 | E3: 0.0090880939 | F3: 0.0066643111 | G3: 0.0090699863 | H3: 0.00065397483 | I3: 0.0023928449 | J3: -9.9575281e-05 | K3: 0.020722756 | L3: 0.0063152496 | M3: 0.0024869778 | N3: -0.013219491 | O3: 0.013853069 | P3: -0.010764518 | Q3: 0.0057906922 | R3: -0.030752773 | S3: 0.00068924578 | T3: -0.0097505175 | U3: 0.011182031
A4: 2025-02-11 | B4: 0.0033348673 | C4: 0.010206552 | D4: 0.045779018 | E4: 0.019206999 | F4: 0.0018300942 | G4: 0.0024271073 | H4: -0.012502695 | I4: -0.015690309 | J4: 0.0010501301 | K4: -0.01232199 | L4: -0.0080059063 | M4: -0.009452829 | N4: 0.010212764 | O4: 0.0072971468 | P4: 0.0080267957 | Q4: -0.026020291 | R4: -0.031012459 | S4: -0.0093382837 | T4: 0.012134259 | U4: -0.0099015606
A5: 2025-02-12 | B5: -0.057685505 | C5: -0.0019506623 | D5: 0.012727815 | E5: -0.0063802195 | F5: -0.0017440229 | G5: -0.024419924 | H5: 0.022857668 | I5: 0.010041358 | J5: -0.0065808962 | K5: -0.0025648877 | L5: 0.004217081 | M5: -0.023582699 | N5: 0.00078330461 | O5: 0.014524907 | P5: 0.016033221 | Q5: 0.14499839 | R5: 0.0070618703 | S5: -0.0070681909 | T5: -0.015932735 | U5: -0.0077466412
A6: 2025-02-13 | B6: -0.013490909 | C6: -0.017054188 | D6: -0.0065925752 | E6: 0.0056272456 | F6: 0.0018484035 | G6: 0.0045599371 | H6: 0.013137272 | I6: 0.0091833056 | J6: 0.0040693971 | K6: 0.0076929408 | L6: 0.0039398586 | M6: 0.0042382486 | N6: -0.015043417 | O6: -0.020926837 | P6: -0.026478139 | Q6: -0.028976213 | R6: -0.0019193755 | S6: 0.0096439996 | T6: 0.013761796 | U6: -0.0026943618
A7: 2025-02-14 | B7: 0.0026923361 | C7: -0.010651571 | D7: 0.00044619808 | E7: 0.0057314401 | F7: 0.0033605227 | G7: -0.0066463912 | H7: -0.0085184751 | I7: -0.0078254265 | J7: -0.007567599 | K7: -0.008423517 | L7: -0.0022967875 | M7: 0.0021230967 | N7: -0.013868629 | O7: 0.012334934 | P7: -0.00042529483 | Q7: 0.0037908911 | R7: -0.019086563 | S7: 0.0097392774 | T7: -0.00039929815 | U7: 0.0018661535
A8: 2025-02-18 | B8: -0.017775606 | C8: -0.010073163 | D8: -0.0073707401 | E8: -0.0068577157 | F8: -0.0035423409 | G8: 0.011543467 | H8: 0.00022342052 | I8: -0.00064085528 | J8: -0.0014499663 | K8: -0.027366333 | L8: 0.0077710937 | M8: 0.010120821 | N8: -0.0026689919 | O8: 0.025408561 | P8: -0.0034363699 | Q8: -0.029844853 | R8: 0.028758262 | S8: 0.00076437509 | T8: 0.0016683805 | U8: -0.0012317789
A9: 2025-02-19 | B9: 0.015679301 | C9: -0.0018246936 | D9: -0.023610979 | E9: 0.022856313 | F9: -0.00063400873 | G9: -0.0099444494 | H9: 0.0074887082 | I9: 0.011074218 | J9: 0.0094290061 | K9: 0.020602763 | L9: -0.017400964 | M9: -0.0054946228 | N9: -0.0036382278 | O9: 0.0014005711 | P9: -0.0036325751 | Q9: -0.0032434723 | R9: 0.016484387 | S9: 0.010942612 | T9: 0.0075128335 | U9: 0.0097263184
A10: 2025-02-20 | B10: 0.0087091214 | C10: -0.002490088 | D10: -0.014376978 | E10: 0.0064845721 | F10: -0.0090940944 | G10: -0.0051896656 | H10: 0.0015450002 | I10: -0.0049786012 | J10: 0.0007654327 | K10: -0.0065509958 | L10: -0.018485312 | M10: 0.0083069269 | N10: 0.0010398104 | O10: 0.00030878961 | P10: -0.0047409324 | Q10: 0.028072673 | R10: -0.0091326276 | S10: -0.012160959 | T10: -0.013095702 | U10: -0.010302118
A11: 2025-02-21 | B11: 0.016742796 | C11: -0.0078982027 | D11: 0.0044072623 | E11: -0.015649045 | F11: -0.007126088 | G11: 0.0034004476 | H11: 0.0032165149 | I11: -0.03149346 | J11: -5.7868051e-05 | K11: 0.004615792 | L11: -0.0039296961 | M11: -0.015725844 | N11: 0.013055565 | O11: 0.022251426 | P11: 0.0055379533 | Q11: 0.030719473 | R11: -0.0045793095 | S11: -0.0082046501 | T11: -0.058932828 | U11: 0.0083518251
A12: 2025-02-24 | B12: -0.0072137894 | C12: -0.0057556704 | D12: 0.017274967 | E12: -0.0010232882 | F12: 0.017301715 | G12: 0.016186128 | H12: -0.01594378 | I12: 0.008333971 | J12: 0.006711976 | K12: 0.0045454107 | L12: 0.0023141145 | M12: 0.01576945 | N12: 0.015764444 | O12: 0.005723262 | P12: 0.013006083 | Q12: -0.029873964 | R12: -0.023861826 | S12: 0.012100597 | T12: -0.037272131 | U12: 0.0024061668
A13: 2025-02-25 | B13: 0.0095298968 | C13: -0.010960511 | D13: -0.0021251128 | E13: -0.019037496 | F13: 0.0088878934 | G13: -0.00077220405 | H13: 0.0062732379 | I13: -0.0050143783 | J13: 0.0013444943 | K13: 0.0078906718 | L13: -0.018469179 | M13: 0.0074869209 | N13: -0.0072511377 | O13: -0.0001154401 | P13: -0.018509138 | Q13: -0.018491111 | R13: -0.0013378085 | S13: 0.0083359773 | T13: -0.0085224084 | U13: 0.0072349894
... A245: 2026-01-29 | B245: 0.022101692 | C245: -0.00099964021 | D245: 0.02678339 | E245: -0.006918487 | F245: -0.0012136529 | G245: 0.010465819 | H245: -0.014898966 | I245: 0.0015969896 | J245: -0.0022192246 | K245: -0.0028788523 | L245: -0.0072137821 | M245: -0.014483562 | N245: 0.0066513509 | O245: 0.01052613 | P245: 0.07107704 | Q245: 0.020867207 | R245: -0.024134289 | S245: -0.032039626 | T245: 0.0049105847 | U245: -0.0035364621

Sheet RiskDecomp
A1: PORTFOLIO FACTOR EXPOSURES
A2: Factor | B2: Exposure (formula) | C2: Python Reference
A3: b_k = SUMPRODUCT(weights, stock_exposures_k)
A4: Country | B4: =SUMPRODUCT(Stocks!$B$2:$B$21,Stocks!E$2:E$21) | C4: 1
A5: Communication | B5: =SUMPRODUCT(Stocks!$B$2:$B$21,Stocks!F$2:F$21) | C5: 0.1
A6: Consumer Discretionary | B6: =SUMPRODUCT(Stocks!$B$2:$B$21,Stocks!G$2:G$21) | C6: 0.1
A7: Consumer Staples | B7: =SUMPRODUCT(Stocks!$B$2:$B$21,Stocks!H$2:H$21) | C7: 0.1
A8: Energy | B8: =SUMPRODUCT(Stocks!$B$2:$B$21,Stocks!I$2:I$21) | C8: 0.1
A9: Financials | B9: =SUMPRODUCT(Stocks!$B$2:$B$21,Stocks!J$2:J$21) | C9: 0.1
A10: Health Care | B10: =SUMPRODUCT(Stocks!$B$2:$B$21,Stocks!K$2:K$21) | C10: 0.1
A11: Industrials | B11: =SUMPRODUCT(Stocks!$B$2:$B$21,Stocks!L$2:L$21) | C11: 0.1
A12: Information Technology | B12: =SUMPRODUCT(Stocks!$B$2:$B$21,Stocks!M$2:M$21) | C12: 0.1
A13: Materials | B13: =SUMPRODUCT(Stocks!$B$2:$B$21,Stocks!N$2:N$21) | C13: 0.1
A14: Real Estate | B14: =SUMPRODUCT(Stocks!$B$2:$B$21,Stocks!O$2:O$21) | C14: 0
A15: Utilities | B15: =SUMPRODUCT(Stocks!$B$2:$B$21,Stocks!P$2:P$21) | C15: 0.1
A16: size | B16: =SUMPRODUCT(Stocks!$B$2:$B$21,Stocks!Q$2:Q$21) | C16: -0.90928597
A17: beta | B17: =SUMPRODUCT(Stocks!$B$2:$B$21,Stocks!R$2:R$21) | C17: -0.1130442
A18: momentum | B18: =SUMPRODUCT(Stocks!$B$2:$B$21,Stocks!S$2:S$21) | C18: -0.22645944
A19: residvol | B19: =SUMPRODUCT(Stocks!$B$2:$B$21,Stocks!T$2:T$21) | C19: 0.17321634
A20: nlsize | B20: =SUMPRODUCT(Stocks!$B$2:$B$21,Stocks!U$2:U$21) | C20: 1.0707879
A21: btop | B21: =SUMPRODUCT(Stocks!$B$2:$B$21,Stocks!V$2:V$21) | C21: 0.098711376
A22: liquidity | B22: =SUMPRODUCT(Stocks!$B$2:$B$21,Stocks!W$2:W$21) | C22: -0.58270279
A23: earnyild | B23: =SUMPRODUCT(Stocks!$B$2:$B$21,Stocks!X$2:X$21) | C23: 0.02412136
A24: growth | B24: =SUMPRODUCT(Stocks!$B$2:$B$21,Stocks!Y$2:Y$21) | C24: 0.15681161
A25: leverage | B25: =SUMPRODUCT(Stocks!$B$2:$B$21,Stocks!Z$2:Z$21) | C25: 0.27004217
A27: COVARIANCE × EXPOSURE VECTOR (Ω × b)
A28: Factor | B28: (Ω×b)_k (formula) | C28: Python Reference
A29: (Ω×b)_k = SUMPRODUCT(Covariance row k, exposure vector)
A30: Country | B30: =SUMPRODUCT(TRANSPOSE(Covariance!B$2:W$2),$B$4:$B$25) | C30: 8.3220637e-05
A31: Communication | B31: =SUMPRODUCT(TRANSPOSE(Covariance!B$3:W$3),$B$4:$B$25) | C31: -4.0930631e-06
A32: Consumer Discretionary | B32: =SUMPRODUCT(TRANSPOSE(Covariance!B$4:W$4),$B$4:$B$25) | C32: 2.2149358e-06
A33: Consumer Staples | B33: =SUMPRODUCT(TRANSPOSE(Covariance!B$5:W$5),$B$4:$B$25) | C33: -2.1485551e-05
A34: Energy | B34: =SUMPRODUCT(TRANSPOSE(Covariance!B$6:W$6),$B$4:$B$25) | C34: 1.5647406e-06
A35: Financials | B35: =SUMPRODUCT(TRANSPOSE(Covariance!B$7:W$7),$B$4:$B$25) | C35: 5.8992538e-06
A36: Health Care | B36: =SUMPRODUCT(TRANSPOSE(Covariance!B$8:W$8),$B$4:$B$25) | C36: -1.3921065e-05
A37: Industrials | B37: =SUMPRODUCT(TRANSPOSE(Covariance!B$9:W$9),$B$4:$B$25) | C37: 7.0117487e-06
A38: Information Technology | B38: =SUMPRODUCT(TRANSPOSE(Covariance!B$10:W$10),$B$4:$B$25) | C38: 7.6100163e-06
A39: Materials | B39: =SUMPRODUCT(TRANSPOSE(Covariance!B$11:W$11),$B$4:$B$25) | C39: 1.2953375e-05
A40: Real Estate | B40: =SUMPRODUCT(TRANSPOSE(Covariance!B$12:W$12),$B$4:$B$25) | C40: -9.1787191e-06
A41: Utilities | B41: =SUMPRODUCT(TRANSPOSE(Covariance!B$13:W$13),$B$4:$B$25) | C41: -2.1727872e-05
A42: size | B42: =SUMPRODUCT(TRANSPOSE(Covariance!B$14:W$14),$B$4:$B$25) | C42: -6.2625554e-06
A43: beta | B43: =SUMPRODUCT(TRANSPOSE(Covariance!B$15:W$15),$B$4:$B$25) | C43: 2.2765885e-05
A44: momentum | B44: =SUMPRODUCT(TRANSPOSE(Covariance!B$16:W$16),$B$4:$B$25) | C44: -5.1300737e-06
A45: residvol | B45: =SUMPRODUCT(TRANSPOSE(Covariance!B$17:W$17),$B$4:$B$25) | C45: 1.1504096e-05
A46: nlsize | B46: =SUMPRODUCT(TRANSPOSE(Covariance!B$18:W$18),$B$4:$B$25) | C46: -2.4726341e-07
A47: btop | B47: =SUMPRODUCT(TRANSPOSE(Covariance!B$19:W$19),$B$4:$B$25) | C47: 1.0052062e-06
A48: liquidity | B48: =SUMPRODUCT(TRANSPOSE(Covariance!B$20:W$20),$B$4:$B$25) | C48: 4.1922075e-06
A49: earnyild | B49: =SUMPRODUCT(TRANSPOSE(Covariance!B$21:W$21),$B$4:$B$25) | C49: -1.6778825e-06
A50: growth | B50: =SUMPRODUCT(TRANSPOSE(Covariance!B$22:W$22),$B$4:$B$25) | C50: -2.3387555e-06
A51: leverage | B51: =SUMPRODUCT(TRANSPOSE(Covariance!B$23:W$23),$B$4:$B$25) | C51: 8.9535805e-07
A53: PER-FACTOR RISK CONTRIBUTIONS
A54: Factor | B54: Exposure (b_k) | C54: (Ω×b)_k | D54: Contribution (b_k × (Ω×b)_k) | E54: % of Factor Risk | F54: Python Ref (contrib)
A55: Country | B55: =B4 | C55: =B30 | D55: =B55*C55 | E55: =D55/D$77*100 | F55: 8.3220637e-05
A56: Communication | B56: =B5 | C56: =B31 | D56: =B56*C56 | E56: =D56/D$77*100 | F56: -4.0930631e-07
A57: Consumer Discretionary | B57: =B6 | C57: =B32 | D57: =B57*C57 | E57: =D57/D$77*100 | F57: 2.2149358e-07
A58: Consumer Staples | B58: =B7 | C58: =B33 | D58: =B58*C58 | E58: =D58/D$77*100 | F58: -2.1485551e-06
A59: Energy | B59: =B8 | C59: =B34 | D59: =B59*C59 | E59: =D59/D$77*100 | F59: 1.5647406e-07
A60: Financials | B60: =B9 | C60: =B35 | D60: =B60*C60 | E60: =D60/D$77*100 | F60: 5.8992538e-07
A61: Health Care | B61: =B10 | C61: =B36 | D61: =B61*C61 | E61: =D61/D$77*100 | F61: -1.3921065e-06
A62: Industrials | B62: =B11 | C62: =B37 | D62: =B62*C62 | E62: =D62/D$77*100 | F62: 7.0117487e-07
A63: Information Technology | B63: =B12 | C63: =B38 | D63: =B63*C63 | E63: =D63/D$77*100 | F63: 7.6100163e-07
A64: Materials | B64: =B13 | C64: =B39 | D64: =B64*C64 | E64: =D64/D$77*100 | F64: 1.2953375e-06
A65: Real Estate | B65: =B14 | C65: =B40 | D65: =B65*C65 | E65: =D65/D$77*100 | F65: 0
A66: Utilities | B66: =B15 | C66: =B41 | D66: =B66*C66 | E66: =D66/D$77*100 | F66: -2.1727872e-06
... A76: leverage | B76: =B25 | C76: =B51 | D76: =B76*C76 | E76: =D76/D$77*100 | F76: 2.4178443e-07
A77: TOTAL | D77: =SUM(D55:D76) | E77: =SUM(E55:E76) | F77: 8.4324857e-05
A79: FACTOR RISK
A80: Factor Variance (daily) | B80: =D77 | C80: 8.4324857e-05
A81: Factor Variance (annual) | B81: =B80*252 | C81: 0.021249864
A82: Factor Vol (annual) | B82: =SQRT(B81) | C82: 0.14577333
A83: Factor Vol % | B83: =B82*100 | C83: 14.577333
A86: IDIOSYNCRATIC RISK (per stock)
A87: Ticker | B87: Weight | C87: Idio Vol (from Stocks) | D87: w² × σ² | E87: Python Ref (idio vol)
A88: AES | B88: =Stocks!B2 | C88: =Stocks!AA2 | D88: =B88^2*C88^2 | E88: 0.40756781
A89: AMZN | B89: =Stocks!B3 | C89: =Stocks!AA3 | D89: =B89^2*C89^2 | E89: 0.22014035
A90: ASO | B90: =Stocks!B4 | C90: =Stocks!AA4 | D90: =B90^2*C90^2 | E90: 0.32765379
A91: CCOI | B91: =Stocks!B5 | C91: =Stocks!AA5 | D91: =B91^2*C91^2 | E91: 0.64913107
A92: DLB | B92: =Stocks!B6 | C92: =Stocks!AA6 | D92: =B92^2*C92^2 | E92: 0.16226954
A93: FIZZ | B93: =Stocks!B7 | C93: =Stocks!AA7 | D93: =B93^2*C93^2 | E93: 0.23478658
A94: GE | B94: =Stocks!B8 | C94: =Stocks!AA8 | D94: =B94^2*C94^2 | E94: 0.21013277
A95: JPM | B95: =Stocks!B9 | C95: =Stocks!AA9 | D95: =B95^2*C95^2 | E95: 0.14838912
A96: LIN | B96: =Stocks!B10 | C96: =Stocks!AA10 | D96: =B96^2*C96^2 | E96: 0.13298175
A97: LLY | B97: =Stocks!B11 | C97: =Stocks!AA11 | D97: =B97^2*C97^2 | E97: 0.3517839
A98: META | B98: =Stocks!B12 | C98: =Stocks!AA12 | D98: =B98^2*C98^2 | E98: 0.2386659
A99: MMS | B99: =Stocks!B13 | C99: =Stocks!AA13 | D99: =B99^2*C99^2 | E99: 0.27503122
... A107: XOM | B107: =Stocks!B21 | C107: =Stocks!AA21 | D107: =B107^2*C107^2 | E107: 0.14799593
A108: Idio Variance (Σ w²σ²) | B108: =SUM(D88:D107) | C108: 0.0047356714
A109: Idio Vol % | B109: =SQRT(B108)*100 | C109: 6.8816215
A111: TOTAL PORTFOLIO RISK
A112: Total Variance (annual) | B112: =B81+B108 | C112: 0.025985535
A113: Total Vol (annual) | B113: =SQRT(B112) | C113: 0.1612003
A114: Total Vol % | B114: =B113*100 | C114: 16.12003
A115: % Factor Risk | B115: =B81/B112*100 | C115: 81.775741
A116: % Idiosyncratic | B116: =B108/B112*100 | C116: 18.224259

Sheet Regression
A1: SINGLE-DAY REGRESSION: 2025-08-15
A3: Factor | B3: Factor Return (from full-universe WLS)
A4: Country | B4: -0.0018866597
A5: Communication | B5: 0.0014367012
A6: Consumer Discretionary | B6: -0.0020665221
A7: Consumer Staples | B7: -0.0057861631
A8: Energy | B8: 0.0072910813
A9: Financials | B9: 0.0078730361
A10: Health Care | B10: 0.0072577723
A11: Industrials | B11: -0.0051068301
A12: Information Technology | B12: -0.0029193663
A13: Materials | B13: -0.0020769516
A14: Real Estate | B14: 0.00121159
A15: Utilities | B15: -0.0014732952
... A25: leverage | B25: 0.00086448916
A27: PER-STOCK BREAKDOWN
A28: Ticker | B28: Actual Return | C28: Exp: Country | D28: Exp: Communication | E28: Exp: Consumer Discretionary | F28: Exp: Consumer Staples | G28: Exp: Energy | H28: Exp: Financials | I28: Exp: Health Care | J28: Exp: Industrials | K28: Exp: Information Technology | L28: Exp: Materials | M28: Exp: Real Estate | N28: Exp: Utilities | O28: Exp: size | P28: Exp: beta | Q28: Exp: momentum | R28: Exp: residvol | S28: Exp: nlsize | T28: Exp: btop | U28: Exp: liquidity | V28: Exp: earnyild | W28: Exp: growth | X28: Exp: leverage | Y28: Predicted (formula) | Z28: Residual (formula) | AA28: Python Predicted | AB28: Python Residual
A29: AES | B29: -0.0084648765 | C29: 1 | D29: 0 | E29: 0 | F29: 0 | G29: 0 | H29: 0 | I29: 0 | J29: 0 | K29: 0 | L29: 0 | M29: 0 | N29: 1 | O29: -1.8876695 | P29: 0.26196291 | Q29: -0.5043025 | R29: 0.37446178 | S29: 3.203954 | T29: 0.2211473 | U29: 0.90730728 | V29: 0.028361302 | W29: 0.40205394 | X29: 2.1420431 | Y29: =SUMPRODUCT(C29:X29,TRANSPOSE($B$4:$B$25)) | Z29: =B29-Y29 | AA29: -0.011657248 | AB29: 0.0031923715
A30: AMZN | B30: 0.028188187 | C30: 1 | D30: 0 | E30: 1 | F30: 0 | G30: 0 | H30: 0 | I30: 0 | J30: 0 | K30: 0 | L30: 0 | M30: 0 | N30: 0 | O30: 1.3336632 | P30: 0.47126113 | Q30: -0.0064504614 | R30: 0.55840253 | S30: -2.4377848 | T30: -0.11425995 | U30: -1.1111199 | V30: -0.0051076889 | W30: 0.70274251 | X30: -0.2392123 | Y30: =SUMPRODUCT(C30:X30,TRANSPOSE($B$4:$B$25)) | Z30: =B30-Y30 | AA30: 0.0020632745 | AB30: 0.026124913
A31: ASO | B31: -0.0061840791 | C31: 1 | D31: 0 | E31: 1 | F31: 0 | G31: 0 | H31: 0 | I31: 0 | J31: 0 | K31: 0 | L31: 0 | M31: 0 | N31: 0 | O31: -2.4114568 | P31: 1.4274636 | Q31: -0.5326743 | R31: -0.75585463 | S31: 3.3775228 | T31: 0.50282876 | U31: 1.1441989 | V31: 0.25271499 | W31: -0.81868344 | X31: 0.098165495 | Y31: =SUMPRODUCT(C31:X31,TRANSPOSE($B$4:$B$25)) | Z31: =B31-Y31 | AA31: -0.018268679 | AB31: 0.0120846
A32: CCOI | B32: -0.020009533 | C32: 1 | D32: 1 | E32: 0 | F32: 0 | G32: 0 | H32: 0 | I32: 0 | J32: 0 | K32: 0 | L32: 0 | M32: 0 | N32: 0 | O32: -2.8665743 | P32: -0.26912961 | Q32: -1.2894213 | R32: 0.82566924 | S32: 3.1201569 | T32: -0.27315406 | U32: 0.91361868 | V32: -0.15602872 | W32: 0.31385524 | X32: 4.5869864 | Y32: =SUMPRODUCT(C32:X32,TRANSPOSE($B$4:$B$25)) | Z32: =B32-Y32 | AA32: -0.0095563273 | AB32: -0.010453206
A33: DLB | B33: -0.016273931 | C33: 1 | D33: 0 | E33: 0 | F33: 0 | G33: 0 | H33: 0 | I33: 0 | J33: 0 | K33: 1 | L33: 0 | M33: 0 | N33: 0 | O33: -2.2966284 | P33: -0.26684916 | Q33: -0.64020163 | R33: -0.80886143 | S33: 3.3790743 | T33: 0.52625585 | U33: -0.68292893 | V33: 0.015210738 | W33: -0.37553912 | X33: -0.61556601 | Y33: =SUMPRODUCT(C33:X33,TRANSPOSE($B$4:$B$25)) | Z33: =B33-Y33 | AA33: -0.01837343 | AB33: 0.0020994991
A34: FIZZ | B34: -0.033361921 | C34: 1 | D34: 0 | E34: 0 | F34: 1 | G34: 0 | H34: 0 | I34: 0 | J34: 0 | K34: 0 | L34: 0 | M34: 0 | N34: 0 | O34: -2.3094747 | P34: -1.7986246 | Q34: -0.4830524 | R34: 0.058235879 | S34: 3.3800762 | T34: -0.14735616 | U34: -2.5410864 | V34: 0.012025959 | W34: -0.45803211 | X34: -0.44377568 | Y34: =SUMPRODUCT(C34:X34,TRANSPOSE($B$4:$B$25)) | Z34: =B34-Y34 | AA34: -0.02086616 | AB34: -0.012495761
A35: GE | B35: 0.0031196453 | C35: 1 | D35: 0 | E35: 0 | F35: 0 | G35: 0 | H35: 0 | I35: 0 | J35: 1 | K35: 0 | L35: 0 | M35: 0 | N35: 0 | O35: 0.094146591 | P35: 0.031318295 | Q35: 0.91825564 | R35: 0.18805054 | S35: -0.12250104 | T35: -0.21565108 | U35: -0.72270625 | V35: -0.039666442 | W35: 0.4861161 | X35: -0.24958319 | Y35: =SUMPRODUCT(C35:X35,TRANSPOSE($B$4:$B$25)) | Z35: =B35-Y35 | AA35: -0.0074984966 | AB35: 0.010618142
A36: JPM | B36: 0.012416912 | C36: 1 | D36: 0 | E36: 0 | F36: 0 | G36: 0 | H36: 1 | I36: 0 | J36: 0 | K36: 0 | L36: 0 | M36: 0 | N36: 0 | O36: 0.67964998 | P36: -0.09651545 | Q36: 0.34795248 | R36: 0.18500445 | S36: -1.3193404 | T36: 0.34846425 | U36: -1.4871697 | V36: 0.08162469 | W36: 0.066849175 | X36: -0.15764103 | Y36: =SUMPRODUCT(C36:X36,TRANSPOSE($B$4:$B$25)) | Z36: =B36-Y36 | AA36: 0.0093275146 | AB36: 0.0030893977
A37: LIN | B37: 0.0041961382 | C37: 1 | D37: 0 | E37: 0 | F37: 0 | G37: 0 | H37: 0 | I37: 0 | J37: 0 | K37: 0 | L37: 1 | M37: 0 | N37: 0 | O37: -0.046207292 | P37: -0.81314137 | Q37: -0.40104269 | R37: 0.04465255 | S37: 0.1738766 | T37: -0.062224221 | U37: -1.3309026 | V37: -0.013192581 | W37: -0.31718373 | X37: 0.017797798 | Y37: =SUMPRODUCT(C37:X37,TRANSPOSE($B$4:$B$25)) | Z37: =B37-Y37 | AA37: -0.0045971365 | AB37: 0.0087932747
A38: LLY | B38: 0.035604353 | C38: 1 | D38: 0 | E38: 0 | F38: 0 | G38: 0 | H38: 0 | I38: 1 | J38: 0 | K38: 0 | L38: 0 | M38: 0 | N38: 0 | O38: 0.52051555 | P38: -0.65582756 | Q38: -0.64277162 | R38: 1.4629941 | S38: -1.0052788 | T38: -0.26890127 | U38: -0.81029739 | V38: -0.019470148 | W38: 0.30957232 | X38: 0.3164734 | Y38: =SUMPRODUCT(C38:X38,TRANSPOSE($B$4:$B$25)) | Z38: =B38-Y38 | AA38: 0.0095289677 | AB38: 0.026075385
A39: META | B39: 0.0026243951 | C39: 1 | D39: 1 | E39: 0 | F39: 0 | G39: 0 | H39: 0 | I39: 0 | J39: 0 | K39: 0 | L39: 0 | M39: 0 | N39: 0 | O39: 1.1333666 | P39: 0.76241566 | Q39: 0.25967153 | R39: 0.54580876 | S39: -2.1318153 | T39: -0.14874357 | U39: -0.5632803 | V39: 0.0015989425 | W39: 0.27076744 | X39: -0.29580067 | Y39: =SUMPRODUCT(C39:X39,TRANSPOSE($B$4:$B$25)) | Z39: =B39-Y39 | AA39: 0.0044782499 | AB39: -0.0018538548
A40: MMS | B40: -0.013402615 | C40: 1 | D40: 0 | E40: 0 | F40: 0 | G40: 0 | H40: 0 | I40: 0 | J40: 1 | K40: 0 | L40: 0 | M40: 0 | N40: 0 | O40: -2.2747269 | P40: -1.1074337 | Q40: -0.83127722 | R40: -0.043195097 | S40: 3.3766966 | T40: 0.23681009 | U40: -0.02198411 | V40: 0.1268511 | W40: -0.12219153 | X40: 0.31962849 | Y40: =SUMPRODUCT(C40:X40,TRANSPOSE($B$4:$B$25)) | Z40: =B40-Y40 | AA40: -0.017361798 | AB40: 0.0039591836
... A48: XOM | B48: -0.0020466839 | C48: 1 | D48: 0 | E48: 0 | F48: 0 | G48: 1 | H48: 0 | I48: 0 | J48: 0 | K48: 0 | L48: 0 | M48: 0 | N48: 0 | O48: 0.35440015 | P48: -0.96842984 | Q48: -0.34914174 | R48: 0.56847014 | S48: -0.66670092 | T48: 0.54226134 | U48: -1.2353352 | V48: 0.11809203 | W48: -0.4229085 | X48: -0.43859768 | Y48: =SUMPRODUCT(C48:X48,TRANSPOSE($B$4:$B$25)) | Z48: =B48-Y48 | AA48: 0.0086151451 | AB48: -0.010661829

Sheet Universe
A1: Ticker | B1: Sector | C1: Return | D1: Market Cap | E1: sqrt(mcap) | F1: mcap_weight | G1: wls_weight | H1: Communication | I1: Consumer Discretionary | J1: Consumer Staples | K1: Energy | L1: Financials | M1: Health Care | N1: Industrials | O1: Information Technology | P1: Materials | Q1: Real Estate | R1: Utilities | S1: size | T1: beta | U1: momentum | V1: btop | W1: dastd | X1: cmra | Y1: hsigma | Z1: stom | AA1: stoq | AB1: stoa | AC1: etop | AD1: cetop | AE1: egro | AF1: sgro | AG1: mlev | AH1: dtoa | AI1: blev
A2: A | B2: Health Care | C2: -0.011875044 | D2: 3.397302e+10 | E2: =SQRT(D2) | F2: =D2/SUM($D$2:$D$2546) | G2: =E2/SUM($E$2:$E$2546) | H2: 0 | I2: 0 | J2: 0 | K2: 0 | L2: 0 | M2: 1 | N2: 0 | O2: 0 | P2: 0 | Q2: 0 | R2: 0 | S2: 24.248833 | T2: 1.1406879 | U2: -0.00074811895 | V2: 0.18750173 | W2: 0.020443253 | X2: 0.34619534 | Y2: 0.015837532 | Z2: -2.1930009 | AA2: -1.958197 | AB2: -1.9918133 | AC2: 0.039560805 | AD2: 0.04803812 | AE2: 0.033511586 | AF2: -0.025110198 | AG2: 1.0986077 | AH2: 0.278832 | AI2: 1.5259027
A3: AA | B3: Materials | C3: -0.012686534 | D3: 8.1948404e+09 | E3: =SQRT(D3) | F3: =D3/SUM($D$2:$D$2546) | G3: =E3/SUM($E$2:$E$2546) | H3: 0 | I3: 0 | J3: 0 | K3: 0 | L3: 0 | M3: 0 | N3: 0 | O3: 0 | P3: 1 | Q3: 0 | R3: 0 | S3: 22.826771 | T3: 1.7224227 | U3: -0.00067131218 | V3: 0.7486418 | W3: 0.031950922 | X3: 0.66522429 | Y3: 0.022725453 | Z3: -0.67467393 | AA3: -0.70170703 | AB3: -0.80060533 | AC3: 0.08005037 | AD3: 0.15473151 | AE3: -0.52772134 | AF3: -0.02270824 | AG3: 1.3141001 | AH3: 0.17671781 | AI3: 1.4195599
A4: AAL | B4: Industrials | C4: -0.022368844 | D4: 8.6565469e+09 | E4: =SQRT(D4) | F4: =D4/SUM($D$2:$D$2546) | G4: =E4/SUM($E$2:$E$2546) | H4: 0 | I4: 0 | J4: 0 | K4: 0 | L4: 0 | M4: 0 | N4: 1 | O4: 0 | P4: 0 | Q4: 0 | R4: 0 | S4: 22.881582 | T4: 1.9701073 | U4: -0.0003048676 | V4: -0.44706048 | W4: 0.038255162 | X4: 0.67802275 | Y4: 0.028772982 | Z4: 0.80661593 | AA4: 0.66724568 | AB4: 0.39315496 | AC4: 0.27678473 | AE4: 0.59454545 | AF4: 0.16530142 | AG4: 3.919871 | AH4: 0.58430584
A5: AAMI | B5: Financials | C5: -0.017036941 | D5: 1.71155e+09 | E5: =SQRT(D5) | F5: =D5/SUM($D$2:$D$2546) | G5: =E5/SUM($E$2:$E$2546) | H5: 0 | I5: 0 | J5: 0 | K5: 0 | L5: 1 | M5: 0 | N5: 0 | O5: 0 | P5: 0 | Q5: 0 | R5: 0 | S5: 21.260665 | T5: 1.0959266 | U5: 0.0024739996 | V5: 0.0053752447 | W5: 0.024519311 | X5: 0.37340689 | Y5: 0.020405506 | Z5: -1.9493274 | AA5: -1.8711976 | AB5: -2.0172983 | AC5: 0.023604335 | AD5: 0.03342 | AE5: -0.61886792 | AF5: -0.0096519325 | AG5: 1.1603809 | AH5: 0.5329466 | AI5: 30.836957
A6: AAOI | B6: Information Technology | C6: -0.091364897 | D6: 1.5718031e+09 | E6: =SQRT(D6) | F6: =D6/SUM($D$2:$D$2546) | G6: =E6/SUM($E$2:$E$2546) | H6: 0 | I6: 0 | J6: 0 | K6: 0 | L6: 0 | M6: 0 | N6: 0 | O6: 1 | P6: 0 | Q6: 0 | R6: 0 | S6: 21.175489 | T6: 3.6933827 | U6: 0.0029723395 | V6: 0.27037802 | W6: 0.073293101 | X6: 1.3378781 | Y6: 0.050455332 | Z6: 0.43124945 | AA6: 0.41276059 | AB6: 0.19024399 | AC6: -0.023153028 | AD6: -0.0068660002 | AE6: -0.25714286 | AF6: 0.048026945 | AG6: 1.0852117 | AH6: 0.26506996 | AI6: 1.3151576
A7: AAON | B7: Industrials | C7: -0.060461855 | D7: 7.1909707e+09 | E7: =SQRT(D7) | F7: =D7/SUM($D$2:$D$2546) | G7: =E7/SUM($E$2:$E$2546) | H7: 0 | I7: 0 | J7: 0 | K7: 0 | L7: 0 | M7: 0 | N7: 1 | O7: 0 | P7: 0 | Q7: 0 | R7: 0 | S7: 22.696092 | T7: 1.525467 | U7: -0.0013719621 | V7: 0.11580439 | W7: 0.041594233 | X7: 0.6347036 | Y7: 0.038954852 | Z7: -0.84394001 | AA7: -1.1709759 | AB7: -1.614186 | AC7: 0.0086146923 | AD7: 0.012698703 | AE7: 0.31276588 | AF7: 0.2402752 | AG7: 1.0441216 | AH7: 0.23994203 | AI7: 1.3810009
A8: AAP | B8: Consumer Discretionary | C8: -0.083648981 | D8: 3.6697667e+09 | E8: =SQRT(D8) | F8: =D8/SUM($D$2:$D$2546) | G8: =E8/SUM($E$2:$E$2546) | H8: 0 | I8: 1 | J8: 0 | K8: 0 | L8: 0 | M8: 0 | N8: 0 | O8: 0 | P8: 0 | Q8: 0 | R8: 0 | S8: 22.023394 | T8: 0.95956247 | U8: 0.0017841411 | V8: 0.60031065 | W8: 0.05849045 | X8: 0.51300846 | Y8: 0.059631371 | Z8: -0.19108738 | AA8: 0.13398683 | AB8: -0.058481313 | AC8: 0.016349813 | AD8: 0.078479104 | AE8: -0.89023681 | AF8: -0.058785395 | AG8: 1.4065654 | AH8: 0.34595313 | AI8: 1.6772583
A9: AAPL | B9: Information Technology | C9: -0.0023599661 | D9: 3.422233e+12 | E9: =SQRT(D9) | F9: =D9/SUM($D$2:$D$2546) | G9: =E9/SUM($E$2:$E$2546) | H9: 0 | I9: 0 | J9: 0 | K9: 0 | L9: 0 | M9: 0 | N9: 0 | O9: 1 | P9: 0 | Q9: 0 | R9: 0 | S9: 28.861314 | T9: 1.3324555 | U9: -2.604094e-05 | V9: 0.019235979 | W9: 0.021098596 | X9: 0.20727109 | Y9: 0.013774332 | Z9: -2.412995 | AA9: -2.5182625 | AB9: -2.5665979 | AC9: 0.027390304 | AD9: 0.030698085 | AE9: -0.003257329 | AF9: -0.004226679 | AG9: 1.0240866 | AH9: 0.30678592 | AI9: 2.2521647
A10: AAT | B10: Real Estate | C10: -0.0086802152 | D10: 1.1671658e+09 | E10: =SQRT(D10) | F10: =D10/SUM($D$2:$D$2546) | G10: =E10/SUM($E$2:$E$2546) | H10: 0 | I10: 0 | J10: 0 | K10: 0 | L10: 0 | M10: 0 | N10: 0 | O10: 0 | P10: 0 | Q10: 1 | R10: 0 | S10: 20.877844 | T10: 0.76820743 | U10: -0.00020937987 | V10: 1.0145302 | W10: 0.018338504 | X10: 0.47198214 | Y10: 0.015587577 | Z10: -1.9959232 | AA10: -1.848096 | AB10: -2.1081381 | AC10: 0.024404416 | AD10: 0.13675178 | AE10: 0.20606061 | AF10: 0.062349322 | AG10: 2.4450672 | AH10: 0.57716069 | AI10: 2.4243707
A11: ABAT | B11: Materials | C11: 0.096413729 | D11: 3.2532184e+08 | E11: =SQRT(D11) | F11: =D11/SUM($D$2:$D$2546) | G11: =E11/SUM($E$2:$E$2546) | H11: 0 | I11: 0 | J11: 0 | K11: 0 | L11: 0 | M11: 0 | N11: 0 | O11: 0 | P11: 1 | Q11: 0 | R11: 0 | S11: 19.600326 | T11: 1.143325 | U11: 0.002031939 | V11: 0.21701286 | W11: 0.073801821 | X11: 0.51849305 | Y11: 0.06318247 | Z11: 0.29638083 | AA11: -0.40989788 | AB11: -0.78742765 | AC11: -0.12506511 | AD11: -0.10877784 | AE11: 0.020780649 | AF11: 1.1406956 | AG11: 1.0005845 | AH11: 0.095145527 | AI11: 1.0026936
A12: ABBV | B12: Health Care | C12: 0.015807238 | D12: 3.5070471e+11 | E12: =SQRT(D12) | F12: =D12/SUM($D$2:$D$2546) | G12: =E12/SUM($E$2:$E$2546) | H12: 0 | I12: 0 | J12: 0 | K12: 0 | L12: 0 | M12: 1 | N12: 0 | O12: 0 | P12: 0 | Q12: 0 | R12: 0 | S12: 26.58321 | T12: 0.50651408 | U12: 0.00025254639 | V12: -0.00052180651 | W12: 0.016261117 | X12: 0.18600831 | Y12: 0.014462801 | Z12: -2.8215021 | AA12: -2.6553995 | AB12: -2.5976462 | AC12: 0.010698459 | AD12: 0.034079953 | AE12: -0.53929511 | AF12: -0.0059136606 | AG12: 1.1795214 | AH12: 0.51377732
A13: ABCB | B13: Financials | C13: -0.0048981798 | D13: 4.846413e+09 | E13: =SQRT(D13) | F13: =D13/SUM($D$2:$D$2546) | G13: =E13/SUM($E$2:$E$2546) | H13: 0 | I13: 0 | J13: 0 | K13: 0 | L13: 1 | M13: 0 | N13: 0 | O13: 0 | P13: 0 | Q13: 0 | R13: 0 | S13: 22.301505 | T13: 1.070134 | U13: 0.00085016106 | V13: 0.80836651 | W13: 0.019690052 | X13: 0.24707237 | Y13: 0.013143255 | Z13: -1.8749674 | AA13: -2.1244307 | AB13: -2.0759857 | AC13: 0.090651786 | AD13: 0.094015924 | AE13: -0.036214834 | AF13: 0.031800848 | AG13: 1.1052337 | AH13: 0.019115558 | AI13: 1.1301807
A14: ABG | B14: Consumer Discretionary | C14: -0.0040380612 | D14: 4.7275548e+09 | E14: =SQRT(D14) | F14: =D14/SUM($D$2:$D$2546) | G14: =E14/SUM($E$2:$E$2546) | H14: 0 | I14: 1 | J14: 0 | K14: 0 | L14: 0 | M14: 0 | N14: 0 | O14: 0 | P14: 0 | Q14: 0 | R14: 0 | S14: 22.276674 | T14: 1.0499369 | U14: 0.0002909028 | V14: 0.79893311 | W14: 0.024948131 | X14: 0.34969276 | Y14: 0.02145676 | Z14: -1.3882797 | AA14: -1.6756343 | AB14: -1.5269973 | AC14: 0.12928459 | AD14: 0.14536056 | AE14: -0.36543106 | AF14: 0.14963615 | AG14: 1.6269837 | AH14: 0.44938608 | AI14: 1.7847763
A15: ABM | B15: Industrials | C15: -0.023285361 | D15: 2.9443023e+09 | E15: =SQRT(D15) | F15: =D15/SUM($D$2:$D$2546) | G15: =E15/SUM($E$2:$E$2546) | H15: 0 | I15: 0 | J15: 0 | K15: 0 | L15: 0 | M15: 0 | N15: 1 | O15: 0 | P15: 0 | Q15: 0 | R15: 0 | S15: 21.803138 | T15: 0.80615277 | U15: -9.9061361e-06 | V15: 0.62181115 | W15: 0.018989943 | X15: 0.20624634 | Y15: 0.016257279 | Z15: -1.9952296 | AA15: -1.6945957 | AB15: -1.7926951 | AC15: 0.056787647 | AD15: 0.0749923 | AE15: -0.37763466 | AF15: 0.034176339 | AG15: 1.5095944 | AH15: 0.31162129 | AI15: 1.8195324
A16: ABNB | B16: Consumer Discretionary | C16: 0.00072231102 | D16: 5.2970384e+10 | E16: =SQRT(D16) | F16: =D16/SUM($D$2:$D$2546) | G16: =E16/SUM($E$2:$E$2546) | H16: 0 | I16: 1 | J16: 0 | K16: 0 | L16: 0 | M16: 0 | N16: 0 | O16: 0 | P16: 0 | Q16: 0 | R16: 0 | S16: 24.692999 | T16: 1.388578 | U16: 6.0444995e-05 | V16: 0.14691228 | W16: 0.0250426 | X16: 0.26466814 | Y16: 0.016552777 | Z16: -1.3499742 | AA16: -1.4058817 | AB16: -1.4064728 | AC16: 0.04847992 | AD16: 0.050367768 | AE16: 0.49390164 | AF16: 0.19031912 | AG16: 1.0376626 | AH16: 0.084543568 | AI16: 1.2563608
A17: ABR | B17: Financials | C17: -0.012505293 | D17: 2.2266924e+09 | E17: =SQRT(D17) | F17: =D17/SUM($D$2:$D$2546) | G17: =E17/SUM($E$2:$E$2546) | H17: 0 | I17: 0 | J17: 0 | K17: 0 | L17: 1 | M17: 0 | N17: 0 | O17: 0 | P17: 0 | Q17: 0 | R17: 0 | S17: 21.523783 | T17: 0.9055481 | U17: -0.00024606329 | V17: 1.3359474 | W17: 0.022969144 | X17: 0.29708366 | Y17: 0.020724882 | Z17: -1.2031588 | AA17: -1.0321294 | AB17: -1.1059137 | AC17: 0.061605275 | AD17: 0.072110543 | AE17: -0.18826896 | AF17: 0.032380994 | AG17: 3.7109545 | AH17: 0.4379865 | AI17: 3.0292375
A18: ABSI | B18: Health Care | C18: -0.039220676 | D18: 4.6915916e+08 | E18: =SQRT(D18) | F18: =D18/SUM($D$2:$D$2546) | G18: =E18/SUM($E$2:$E$2546) | H18: 0 | I18: 0 | J18: 0 | K18: 0 | L18: 0 | M18: 1 | N18: 0 | O18: 0 | P18: 0 | Q18: 0 | R18: 0 | S18: 19.966453 | T18: 1.4410728 | U18: -0.0020030461 | V18: 0.36953984 | W18: 0.052118948 | X18: 0.78136087 | Y18: 0.042944528 | Z18: -0.010012825 | AA18: -0.41564184 | AB18: -0.73907991 | AC18: -0.26062797 | AD18: -0.2350503 | AE18: 0.25102421 | AF18: -0.014878976 | AG18: 1.0003432 | AH18: 0.035313399 | AI18: 1.0009286
A19: ABT | B19: Health Care | C19: -0.00092766302 | D19: 2.2288485e+11 | E19: =SQRT(D19) | F19: =D19/SUM($D$2:$D$2546) | G19: =E19/SUM($E$2:$E$2546) | H19: 0 | I19: 0 | J19: 0 | K19: 0 | L19: 0 | M19: 1 | N19: 0 | O19: 0 | P19: 0 | Q19: 0 | R19: 0 | S19: 26.129921 | T19: 0.24699046 | U19: 0.00061871705 | V19: 0.22686602 | W19: 0.015693613 | X19: 0.22647989 | Y19: 0.016089722 | Z19: -2.3415709 | AA19: -2.5244816 | AB19: -2.6082629 | AC19: 0.0319268 | AD19: 0.039464324 | AE19: 0.37424319 | AF19: -0.016396997 | AG19: 1.058012 | AH19: 0.15996619 | AI19: 1.2557105
A20: ABUS | B20: Health Care | C20: 0 | D20: 6.4813192e+08 | E20: =SQRT(D20) | F20: =D20/SUM($D$2:$D$2546) | G20: =E20/SUM($E$2:$E$2546) | H20: 0 | I20: 0 | J20: 0 | K20: 0 | L20: 0 | M20: 1 | N20: 0 | O20: 0 | P20: 0 | Q20: 0 | R20: 0 | S20: 20.289605 | T20: 0.88176684 | U20: -0.00034101865 | V20: 0.12802332 | W20: 0.024467741 | X20: 0.43140155 | Y20: 0.019374385 | Z20: -2.6144475 | AA20: -2.4914714 | AB20: -2.2836609 | AC20: 0.015570904 | AD20: 0.015638792 | AE20: 0.25971564 | AF20: -0.19014788 | AG20: 1.0008872 | AH20: 0.010545479 | AI20: 1.0069297
A21: ACA | B21: Industrials | C21: -0.031520264 | D21: 4.9109531e+09 | E21: =SQRT(D21) | F21: =D21/SUM($D$2:$D$2546) | G21: =E21/SUM($E$2:$E$2546) | H21: 0 | I21: 0 | J21: 0 | K21: 0 | L21: 0 | M21: 0 | N21: 1 | O21: 0 | P21: 0 | Q21: 0 | R21: 0 | S21: 22.314734 | T21: 1.1325367 | U21: -2.3401514e-05 | V21: 0.51075626 | W21: 0.025624024 | X21: 0.30158613 | Y21: 0.021664625 | Z21: -1.9285678 | AA21: -2.1415004 | AB21: -2.134595 | AC21: 0.048625999 | AD21: 0.094319778 | AE21: -0.01263877 | AF21: 0.072757453 | AG21: 1.3407282 | AH21: 0.33592066 | AI21: 1.6671052
A22: ACAD | B22: Health Care | C22: -0.024165432 | D22: 4.2515389e+09 | E22: =SQRT(D22) | F22: =D22/SUM($D$2:$D$2546) | G22: =E22/SUM($E$2:$E$2546) | H22: 0 | I22: 0 | J22: 0 | K22: 0 | L22: 0 | M22: 1 | N22: 0 | O22: 0 | P22: 0 | Q22: 0 | R22: 0 | S22: 22.170547 | T22: 0.84149123 | U22: 0.00098104296 | V22: 0.19343161 | W22: 0.03169725 | X22: 0.31015766 | Y22: 0.031970625 | Z22: -1.5398424 | AA22: -1.3186549 | AB22: -1.431447 | AC22: 0.025088327 | AD22: 0.02784968 | AE22: 0.79709443 | AF22: 0.24279856 | AG22: 1.0104906 | AH22: 0.045933475 | AI22: 1.0542339
A23: ACCO | B23: Industrials | C23: 0 | D23: 3.3776065e+08 | E23: =SQRT(D23) | F23: =D23/SUM($D$2:$D$2546) | G23: =E23/SUM($E$2:$E$2546) | H23: 0 | I23: 0 | J23: 0 | K23: 0 | L23: 0 | M23: 0 | N23: 1 | O23: 0 | P23: 0 | Q23: 0 | R23: 0 | S23: 19.637848 | T23: 1.2407156 | U23: -0.0014636988 | V23: 1.8868391 | W23: 0.027781954 | X23: 0.6405799 | Y23: 0.022257844 | Z23: -1.9892858 | AA23: -1.7663499 | AB23: -1.7879998 | AC23: 0.345807 | AD23: 0.48318239 | AE23: -1.0368 | AF23: -0.063817771 | AG23: 3.7951746 | AH23: 0.4516319 | AI23: 2.4814059
A24: ACDC | B24: Energy | C24: -0.033616645 | D24: 6.5656241e+08 | E24: =SQRT(D24) | F24: =D24/SUM($D$2:$D$2546) | G24: =E24/SUM($E$2:$E$2546) | H24: 0 | I24: 0 | J24: 0 | K24: 1 | L24: 0 | M24: 0 | N24: 0 | O24: 0 | P24: 0 | Q24: 0 | R24: 0 | S24: 20.302528 | T24: 2.1384412 | U24: 0.00055901742 | V24: 1.3334604 | W24: 0.077581298 | X24: 2.1504937 | Y24: 0.093383961 | Z24: -2.0597766 | AA24: -2.1685713 | AB24: -2.4565021 | AC24: -0.64517857 | AD24: -0.0073108053 | AE24: -0.69428113 | AF24: 0.22317933 | AG24: 2.4441887 | AH24: 0.43363832 | AI24: 2.0830383
... A26: ACGL | B26: Financials | C26: 0.016647782 | D26: 3.2618202e+10 | E26: =SQRT(D26) | F26: =D26/SUM($D$2:$D$2546) | G26: =E26/SUM($E$2:$E$2546) | H26: 0 | I26: 0 | J26: 0 | K26: 0 | L26: 1 | M26: 0 | N26: 0 | O26: 0 | P26: 0 | Q26: 0 | R26: 0 | S26: 24.208136 | T26: 0.51248319 | U26: -0.00022656355 | V26: 0.70638474 | W26: 0.016460265 | X26: 0.21629086 | Y26: 0.015254259 | Z26: -1.872507 | AA26: -2.0925195 | AB26: -2.23296 | AC26: 0.15169444 | AD26: 0.15758073 | AE26: 0.32379786 | AF26: 0.22726247 | AG26: 1.1090802 | AH26: 0.034624562 | AI26: 1.1544204
A27: ACH | B27: Health Care | C27: 0.013047747 | D27: 4.1225734e+08 | E27: =SQRT(D27) | F27: =D27/SUM($D$2:$D$2546) | G27: =E27/SUM($E$2:$E$2546) | H27: 0 | I27: 0 | J27: 0 | K27: 0 | L27: 0 | M27: 1 | N27: 0 | O27: 0 | P27: 0 | Q27: 0 | R27: 0 | S27: 19.837158 | T27: 1.2198148 | U27: -0.0027276732 | V27: -0.68163735 | W27: 0.068338694 | X27: 4.3065347 | Y27: 0.074277767 | Z27: -0.86494177 | AA27: -0.9694652 | AB27: -1.1044452 | AC27: -8.4321895 | AD27: -7.8558601 | AE27: -1.1220418 | AF27: 0.030657481 | AG27: 4.8683241 | AH27: 0.49553609
A28: ACHC | B28: Health Care | C28: -0.0053102036 | D28: 1.8785273e+09 | E28: =SQRT(D28) | F28: =D28/SUM($D$2:$D$2546) | G28: =E28/SUM($E$2:$E$2546) | H28: 0 | I28: 0 | J28: 0 | K28: 0 | L28: 0 | M28: 1 | N28: 0 | O28: 0 | P28: 0 | Q28: 0 | R28: 0 | S28: 21.353754 | T28: 0.88313697 | U28: -0.0037854654 | V28: 1.6385101 | W28: 0.039226737 | X28: 4.5396451 | Y28: 0.03770174 | Z28: -0.64456631 | AA28: -0.75044663 | AB28: -0.79731923 | AC28: 0.064150251 | AD28: 0.16847665 | AE28: -0.066585662 | AF28: 0.10309507 | AG28: 2.1961641 | AH28: 0.37818187 | AI28: 1.7300316
A29: ACHR | B29: Industrials | C29: -0.020803132 | D29: 7.4879133e+09 | E29: =SQRT(D29) | F29: =D29/SUM($D$2:$D$2546) | G29: =E29/SUM($E$2:$E$2546) | H29: 0 | I29: 0 | J29: 0 | K29: 0 | L29: 0 | M29: 0 | N29: 1 | O29: 0 | P29: 0 | Q29: 0 | R29: 0 | S29: 22.736556 | T29: 2.3329381 | U29: 0.00338779 | V29: 0.22448177 | W29: 0.058518447 | X29: 0.95426179 | Y29: 0.050105853 | Z29: 0.11490508 | AA29: 0.14150845 | AB29: -0.15854703 | AC29: -0.11004401 | AD29: -0.10747988 | AE29: 0.25310436 | AG29: 1.0085605 | AH29: 0.042098746 | AI29: 1.0381343
A30: ACI | B30: Consumer Staples | C30: -0.0020965292 | D30: 9.6540628e+09 | E30: =SQRT(D30) | F30: =D30/SUM($D$2:$D$2546) | G30: =E30/SUM($E$2:$E$2546) | H30: 0 | I30: 0 | J30: 1 | K30: 0 | L30: 0 | M30: 0 | N30: 0 | O30: 0 | P30: 0 | Q30: 0 | R30: 0 | S30: 22.990645 | T30: 0.010148312 | U30: 0.00017830204 | V30: 0.33398374 | W30: 0.017214592 | X30: 0.21005915 | Y30: 0.015423003 | Z30: -1.3143564 | AA30: -1.4626378 | AB30: -1.5216773 | AC30: 0.0979484 | AD30: 0.42394587 | AE30: -0.1470852 | AF30: 0.035061761 | AG30: 1.7256634 | AH30: 0.54078233 | AI30: 3.1727507
A31: ACIC | B31: Financials | C31: 0.01731244 | D31: 4.9906016e+08 | E31: =SQRT(D31) | F31: =D31/SUM($D$2:$D$2546) | G31: =E31/SUM($E$2:$E$2546) | H31: 0 | I31: 0 | J31: 0 | K31: 0 | L31: 1 | M31: 0 | N31: 0 | O31: 0 | P31: 0 | Q31: 0 | R31: 0 | S31: 20.028237 | T31: 0.42314812 | U31: -0.00035115666 | V31: 0.58570093 | W31: 0.023167268 | X31: 0.41280502 | Y31: 0.021851621 | Z31: -2.5057121 | AA31: -2.2441657 | AB31: -2.3894349 | AC31: 0.21193437 | AD31: 0.22548785 | AE31: 0.51221374 | AF31: 0.097524525 | AG31: 1.2989359 | AH31: 0.11317764 | AI31: 1.51039
A32: ACIW | B32: Information Technology | C32: -0.014483753 | D32: 4.8750319e+09 | E32: =SQRT(D32) | F32: =D32/SUM($D$2:$D$2546) | G32: =E32/SUM($E$2:$E$2546) | H32: 0 | I32: 0 | J32: 0 | K32: 0 | L32: 0 | M32: 0 | N32: 0 | O32: 1 | P32: 0 | Q32: 0 | R32: 0 | S32: 22.307392 | T32: 1.2072016 | U32: -0.00017596661 | V32: 0.28584387 | W32: 0.022831293 | X32: 0.328698 | Y32: 0.018738124 | Z32: -1.6768312 | AA32: -1.8512449 | AB32: -1.9059763 | AC32: 0.010011832 | AD32: 0.029786882 | AE32: 0.17736549 | AF32: 0.04807015 | AG32: 1.1758167 | AH32: 0.29638181 | AI32: 1.6150795
A33: ACLS | B33: Information Technology | C33: -0.014342675 | D33: 2.6085111e+09 | E33: =SQRT(D33) | F33: =D33/SUM($D$2:$D$2546) | G33: =E33/SUM($E$2:$E$2546) | H33: 0 | I33: 0 | J33: 0 | K33: 0 | L33: 0 | M33: 0 | N33: 0 | O33: 1 | P33: 0 | Q33: 0 | R33: 0 | S33: 21.682045 | T33: 1.5451781 | U33: -0.00063607594 | V33: 0.3919412 | W33: 0.035594578 | X33: 0.79346116 | Y33: 0.030666693 | Z33: -0.91310196 | AA33: -0.96433445 | AB33: -0.84010952 | AC33: 0.04811327 | AD33: 0.055036759 | AE33: 0.2105548 | AF33: 0.13690195 | AG33: 1.0159351 | AH33: 0.032492977 | AI33: 1.040657
A34: ACLX | B34: Health Care | C34: 0.011617484 | D34: 4.1071585e+09 | E34: =SQRT(D34) | F34: =D34/SUM($D$2:$D$2546) | G34: =E34/SUM($E$2:$E$2546) | H34: 0 | I34: 0 | J34: 0 | K34: 0 | L34: 0 | M34: 1 | N34: 0 | O34: 0 | P34: 0 | Q34: 0 | R34: 0 | S34: 22.135997 | T34: 1.0438191 | U34: 0.00012410061 | V34: 0.095497411 | W34: 0.030512006 | X34: 0.58686633 | Y34: 0.029063952 | Z34: -1.6542212 | AA34: -1.5071973 | AB34: -1.5054768 | AC34: -0.05139417 | AD34: -0.049818385 | AE34: 0.13326851 | AF34: 0.79563263 | AG34: 1.0109801 | AH34: 0.084823433 | AI34: 1.114978
A35: ACM | B35: Industrials | C35: -0.015693696 | D35: 1.5694342e+10 | E35: =SQRT(D35) | F35: =D35/SUM($D$2:$D$2546) | G35: =E35/SUM($E$2:$E$2546) | H35: 0 | I35: 0 | J35: 0 | K35: 0 | L35: 0 | M35: 0 | N35: 1 | O35: 0 | P35: 0 | Q35: 0 | R35: 0 | S35: 23.476566 | T35: 0.75111713 | U35: 0.00081852989 | V35: 0.158805 | W35: 0.014749155 | X35: 0.16963771 | Y35: 0.011496344 | Z35: -1.8697416 | AA35: -1.9138406 | AB35: -1.9072834 | AC35: 0.033379163 | AD35: 0.044733063 | AE35: 0.20430108 | AF35: 0.10166758 | AG35: 1.1564803 | AH35: 0.24897861 | AI35: 1.9853611
A36: ACMR | B36: Information Technology | C36: 0.00078525557 | D36: 1.5238991e+09 | E36: =SQRT(D36) | F36: =D36/SUM($D$2:$D$2546) | G36: =E36/SUM($E$2:$E$2546) | H36: 0 | I36: 0 | J36: 0 | K36: 0 | L36: 0 | M36: 0 | N36: 0 | O36: 1 | P36: 0 | Q36: 0 | R36: 0 | S36: 21.144538 | T36: 1.6122109 | U36: 0.0020393484 | V36: 0.64731977 | W36: 0.043218453 | X36: 0.55554286 | Y36: 0.034485771 | Z36: -0.82474833 | AA36: -1.0462131 | AB36: -0.7149841 | AC36: 0.078115409 | AD36: 0.086879769 | AE36: 0.3444619 | AF36: 0.34921968 | AG36: 1.1069566 | AH36: 0.1408888 | AI36: 1.1652299
A37: ACN | B37: Information Technology | C37: 0.0019518996 | D37: 1.5120011e+11 | E37: =SQRT(D37) | F37: =D37/SUM($D$2:$D$2546) | G37: =E37/SUM($E$2:$E$2546) | H37: 0 | I37: 0 | J37: 0 | K37: 0 | L37: 0 | M37: 0 | N37: 0 | O37: 1 | P37: 0 | Q37: 0 | R37: 0 | S37: 25.74187 | T37: 0.88974564 | U37: -0.0011219195 | V37: 0.20208137 | W37: 0.01884532 | X37: 0.47785305 | Y37: 0.015539635 | Z37: -1.8491125 | AA37: -2.0351645 | AB37: -2.2565703 | AC37: 0.058134907 | AD37: 0.065859901 | AE37: 0.031493701 | AF37: 0.025987267 | AG37: 1.0333067 | AH37: 0.12886674 | AI37: 1.1648182
A38: ACNB | B38: Financials | C38: -0.0033190435 | D38: 4.6242714e+08 | E38: =SQRT(D38) | F38: =D38/SUM($D$2:$D$2546) | G38: =E38/SUM($E$2:$E$2546) | H38: 0 | I38: 0 | J38: 0 | K38: 0 | L38: 1 | M38: 0 | N38: 0 | O38: 0 | P38: 0 | Q38: 0 | R38: 0 | S38: 19.952 | T38: 0.61192443 | U38: 0.00043028369 | V38: 0.85451516 | W38: 0.017159768 | X38: 0.2167181 | Y38: 0.012358702 | Z38: -3.1409807 | AA38: -2.9335829 | AB38: -2.954333 | AC38: 0.10075533 | AD38: 0.110625 | AE38: 0.033760972 | AF38: 0.04311412 | AG38: 1.5522038 | AH38: 0.08752801 | AI38: 1.6462188
A39: ACRE | B39: Financials | C39: -0.0022101046 | D39: 2.3406827e+08 | E39: =SQRT(D39) | F39: =D39/SUM($D$2:$D$2546) | G39: =E39/SUM($E$2:$E$2546) | H39: 0 | I39: 0 | J39: 0 | K39: 0 | L39: 1 | M39: 0 | N39: 0 | O39: 0 | P39: 0 | Q39: 0 | R39: 0 | S39: 19.271123 | T39: 1.0076921 | U39: -0.00091165217 | V39: 2.2373772 | W39: 0.028477241 | X39: 0.67236118 | Y39: 0.025172611 | Z39: -1.698154 | AA39: -1.7346063 | AB39: -1.5689317 | AC39: -0.18857746 | AD39: -0.148948 | AE39: -0.89139466 | AF39: -0.49323543 | AG39: 2.0525434 | AH39: 0.61739576 | AI39: 1.4704363
A40: ACT | B40: Financials | C40: 0.0020936837 | D40: 5.4505028e+09 | E40: =SQRT(D40) | F40: =D40/SUM($D$2:$D$2546) | G40: =E40/SUM($E$2:$E$2546) | H40: 0 | I40: 0 | J40: 0 | K40: 0 | L40: 1 | M40: 0 | N40: 0 | O40: 0 | P40: 0 | Q40: 0 | R40: 0 | S40: 22.418974 | T40: 0.47231458 | U40: 0.00034446525 | V40: 0.95828369 | W40: 0.0141208 | X40: 0.13522887 | Y40: 0.012604341 | Z40: -3.1650235 | AA40: -2.8256719 | AB40: -2.9012389 | AC40: 0.12315047 | AE40: 0.0093312597 | AF40: 0.026609106 | AG40: 1.1364559 | AH40: 0.10980379 | AI40: 1.1423961
A41: ACTG | B41: Financials | C41: -0.020558778 | D41: 3.3182371e+08 | E41: =SQRT(D41) | F41: =D41/SUM($D$2:$D$2546) | G41: =E41/SUM($E$2:$E$2546) | H41: 0 | I41: 0 | J41: 0 | K41: 0 | L41: 1 | M41: 0 | N41: 0 | O41: 0 | P41: 0 | Q41: 0 | R41: 0 | S41: 19.620114 | T41: 0.81629175 | U41: -0.0007513466 | V41: 1.6230908 | W41: 0.028022038 | X41: 0.52880782 | Y41: 0.027578179 | Z41: -3.1104941 | AA41: -3.1766654 | AB41: -2.8881989 | AC41: -0.039695778 | AD41: 0.098269049 | AE41: -0.2712782 | AF41: 0.17094587 | AG41: 1.3073409 | AH41: 0.14959138 | AI41: 1.1893553
A42: ACVA | B42: Industrials | C42: -0.02449814 | D42: 1.992021e+09 | E42: =SQRT(D42) | F42: =D42/SUM($D$2:$D$2546) | G42: =E42/SUM($E$2:$E$2546) | H42: 0 | I42: 0 | J42: 0 | K42: 0 | L42: 0 | M42: 0 | N42: 1 | O42: 0 | P42: 0 | Q42: 0 | R42: 0 | S42: 21.412416 | T42: 1.2011433 | U42: -0.00044346662 | V42: 0.22529029 | W42: 0.033457352 | X42: 0.83665825 | Y42: 0.031817411 | Z42: -1.1130266 | AA42: -1.4448955 | AB42: -1.4940244 | AC42: -0.014654464 | AD42: 0.0072268314 | AE42: 0.10810811 | AF42: 0.18876732 | AG42: 1.0936235 | AH42: 0.1638447 | AI42: 1.4155683
A43: ADAM | B43: Financials | C43: -0.013091194 | D43: 5.8660502e+08 | E43: =SQRT(D43) | F43: =D43/SUM($D$2:$D$2546) | G43: =E43/SUM($E$2:$E$2546) | H43: 0 | I43: 0 | J43: 0 | K43: 0 | L43: 1 | M43: 0 | N43: 0 | O43: 0 | P43: 0 | Q43: 0 | R43: 0 | S43: 20.189862 | T43: 0.89155233 | U43: 0.00069280785 | V43: 2.3545707 | W43: 0.021853264 | X43: 0.23999775 | Y43: 0.017952526 | Z43: -1.741601 | AA43: -1.845251 | AB43: -1.7960982 | AC43: 0.058274305 | AD43: 0.098696735 | AE43: -0.29627586 | AF43: 0.057453819 | AG43: 8.7556411 | AH43: 0.38052091 | AI43: 4.2938663
A44: ADBE | B44: Information Technology | C44: -0.0071179341 | D44: 1.4411424e+11 | E44: =SQRT(D44) | F44: =D44/SUM($D$2:$D$2546) | G44: =E44/SUM($E$2:$E$2546) | H44: 0 | I44: 0 | J44: 0 | K44: 0 | L44: 0 | M44: 0 | N44: 0 | O44: 1 | P44: 0 | Q44: 0 | R44: 0 | S44: 25.693872 | T44: 0.90461175 | U44: -0.0015438423 | V44: 0.079436981 | W44: 0.019725782 | X44: 0.67423056 | Y44: 0.01491323 | Z44: -1.7015919 | AA44: -1.6412978 | AB44: -1.7007037 | AC44: 0.046934988 | AD44: 0.048072974 | AE44: 0.10020331 | AF44: 0.099940191 | AG44: 1.0427855 | AH44: 0.23350055 | AI44: 1.5386094
A45: ADC | B45: Real Estate | C45: -0.0015230051 | D45: 8.1295334e+09 | E45: =SQRT(D45) | F45: =D45/SUM($D$2:$D$2546) | G45: =E45/SUM($E$2:$E$2546) | H45: 0 | I45: 0 | J45: 0 | K45: 0 | L45: 0 | M45: 0 | N45: 0 | O45: 0 | P45: 0 | Q45: 1 | R45: 0 | S45: 22.818769 | T45: 0.095784169 | U45: 0.00034368179 | V45: 0.69549379 | W45: 0.011665647 | X45: 0.10495791 | Y45: 0.010886608 | Z45: -1.6231337 | AA45: -1.5929725 | AB45: -1.6105168 | AC45: 0.024207047 | AD45: 0.05320699 | AE45: -0.0078651685 | AF45: 0.19566123 | AG45: 1.3871741 | AH45: 0.35985736 | AI45: 1.5566896
A46: ADCT | B46: Health Care | C46: 0.031849872 | D46: 3.8278026e+08 | E46: =SQRT(D46) | F46: =D46/SUM($D$2:$D$2546) | G46: =E46/SUM($E$2:$E$2546) | H46: 0 | I46: 0 | J46: 0 | K46: 0 | L46: 0 | M46: 1 | N46: 0 | O46: 0 | P46: 0 | Q46: 0 | R46: 0 | S46: 19.762972 | T46: 1.5536591 | U46: 0.001522364 | V46: -0.52036121 | W46: 0.066131834 | X46: 0.84593473 | Y46: 0.061961544 | Z46: -2.1692504 | AA46: -1.9430754 | AB46: -2.2600989 | AC46: -0.59194275 | AD46: -0.58316486 | AE46: 0.13361257 | AF46: -0.030805268 | AG46: 1.2990567 | AH46: 0.36547653
A47: ADEA | B47: Information Technology | C47: -0.018568193 | D47: 1.6544967e+09 | E47: =SQRT(D47) | F47: =D47/SUM($D$2:$D$2546) | G47: =E47/SUM($E$2:$E$2546) | H47: 0 | I47: 0 | J47: 0 | K47: 0 | L47: 0 | M47: 0 | N47: 0 | O47: 1 | P47: 0 | Q47: 0 | R47: 0 | S47: 21.226763 | T47: 1.3200315 | U47: 0.00070856461 | V47: 0.24352784 | W47: 0.029278169 | X47: 0.21770724 | Y47: 0.022054031 | Z47: -2.2699062 | AA47: -2.3068512 | AB47: -2.2616986 | AC47: 0.040428006 | AD47: 0.074686159 | AE47: 0.59520697 | AF47: -0.024002904 | AG47: 1.258643 | AH47: 0.42328466 | AI47: 2.0620675
A48: ADI | B48: Information Technology | C48: -0.0059935187 | D48: 1.1524836e+11 | E48: =SQRT(D48) | F48: =D48/SUM($D$2:$D$2546) | G48: =E48/SUM($E$2:$E$2546) | H48: 0 | I48: 0 | J48: 0 | K48: 0 | L48: 0 | M48: 0 | N48: 0 | O48: 1 | P48: 0 | Q48: 0 | R48: 0 | S48: 25.470355 | T48: 1.5587101 | U48: 0.00084972041 | V48: 0.29575989 | W48: 0.023789565 | X48: 0.2640383 | Y48: 0.013005303 | Z48: -1.8629214 | AA48: -1.8363693 | AB48: -1.8753122 | AC48: 0.017996543 | AD48: 0.024501277 | AE48: -0.19651086 | AF48: -0.11498013 | AG48: 1.0706295 | AH48: 0.18028915 | AI48: 1.238807
A49: ADM | B49: Consumer Staples | C49: -0.0083935263 | D49: 2.8264974e+10 | E49: =SQRT(D49) | F49: =D49/SUM($D$2:$D$2546) | G49: =E49/SUM($E$2:$E$2546) | H49: 0 | I49: 0 | J49: 1 | K49: 0 | L49: 0 | M49: 0 | N49: 0 | O49: 0 | P49: 0 | Q49: 0 | R49: 0 | S49: 24.064889 | T49: 0.44873409 | U49: 0.00030440436 | V49: 0.79356167 | W49: 0.018319423 | X49: 0.20128705 | Y49: 0.016592367 | Z49: -1.940492 | AA49: -1.8752826 | AB49: -1.8689575 | AC49: 0.030992422 | AD49: 0.072174133 | AE49: -0.081987012 | AF49: -0.0074021896 | AG49: 1.2690963 | AH49: 0.20418878 | AI49: 1.3390994
A50: ADMA | B50: Health Care | C50: -0.013462389 | D50: 4.0935617e+09 | E50: =SQRT(D50) | F50: =D50/SUM($D$2:$D$2546) | G50: =E50/SUM($E$2:$E$2546) | H50: 0 | I50: 0 | J50: 0 | K50: 0 | L50: 0 | M50: 1 | N50: 0 | O50: 0 | P50: 0 | Q50: 0 | R50: 0 | S50: 22.132681 | T50: 1.1118077 | U50: 0.0015181906 | V50: 0.097305238 | W50: 0.034512064 | X50: 0.33531204 | Y50: 0.029023488 | Z50: -1.1722029 | AA50: -1.3071559 | AB50: -1.1397197 | AC50: 0.033436896 | AD50: 0.033468165 | AE50: 0.94065934 | AF50: 0.4961087 | AG50: 1.0179299 | AH50: 0.15012178 | AI50: 1.1842641
A51: ADNT | B51: Consumer Discretionary | C51: -0.00291848 | D51: 1.8817535e+09 | E51: =SQRT(D51) | F51: =D51/SUM($D$2:$D$2546) | G51: =E51/SUM($E$2:$E$2546) | H51: 0 | I51: 1 | J51: 0 | K51: 0 | L51: 0 | M51: 0 | N51: 0 | O51: 0 | P51: 0 | Q51: 0 | R51: 0 | S51: 21.35547 | T51: 1.4234691 | U51: 0.00063424106 | V51: 0.94858334 | W51: 0.031599905 | X51: 0.53358625 | Y51: 0.024365747 | Z51: -1.0667813 | AA51: -1.0420413 | AB51: -0.95439155 | AC51: 0.07652437 | AD51: 0.25295556 | AE51: 0.60494032 | AF51: 0.01924034 | AG51: 2.2674349 | AH51: 0.27093708 | AI51: 2.3361345
A52: ADP | B52: Industrials | C52: -0.010781073 | D52: 1.213674e+11 | E52: =SQRT(D52) | F52: =D52/SUM($D$2:$D$2546) | G52: =E52/SUM($E$2:$E$2546) | H52: 0 | I52: 0 | J52: 0 | K52: 0 | L52: 0 | M52: 0 | N52: 1 | O52: 0 | P52: 0 | Q52: 0 | R52: 0 | S52: 25.522088 | T52: 0.61730176 | U52: 0.00038215616 | V52: 0.050985683 | W52: 0.012457386 | X52: 0.16908187 | Y52: 0.0098509064 | Z52: -2.5178172 | AA52: -2.4810129 | AB52: -2.4286135 | AC52: 0.030014649 | AD52: 0.034816597 | AE52: 0.11413643 | AF52: 0.072047823 | AG52: 1.0327493 | AH52: 0.1698617 | AI52: 1.6423239
A53: ADPT | B53: Health Care | C53: -0.0061728532 | D53: 1999132434 | E53: =SQRT(D53) | F53: =D53/SUM($D$2:$D$2546) | G53: =E53/SUM($E$2:$E$2546) | H53: 0 | I53: 0 | J53: 0 | K53: 0 | L53: 0 | M53: 1 | N53: 0 | O53: 0 | P53: 0 | Q53: 0 | R53: 0 | S53: 21.415979 | T53: 1.4095819 | U53: 0.0037174845 | V53: 0.089897496 | W53: 0.0447258 | X53: 0.59956565 | Y53: 0.038922799 | Z53: -1.2425185 | AA53: -1.3361426 | AB53: -1.4670225 | AC53: -0.051250231 | AD53: -0.050403864 | AE53: 0.075362319 | AF53: 0.034146193 | AG53: 1.0372226 | AH53: 0.16988263 | AI53: 1.4140565
A54: ADSK | B54: Information Technology | C54: -0.011423524 | D54: 6.0846122e+10 | E54: =SQRT(D54) | F54: =D54/SUM($D$2:$D$2546) | G54: =E54/SUM($E$2:$E$2546) | H54: 0 | I54: 0 | J54: 0 | K54: 0 | L54: 0 | M54: 0 | N54: 0 | O54: 1 | P54: 0 | Q54: 0 | R54: 0 | S54: 24.831614 | T54: 0.93302817 | U54: 0.00031118859 | V54: 0.044620757 | W54: 0.018528495 | X54: 0.23812719 | Y54: 0.015297876 | Z54: -1.9480525 | AA54: -1.8127133 | AB54: -1.8876072 | AC54: 0.020576496 | AD54: 0.021496851 | AE54: 0.23658694 | AF54: 0.10898711 | AG54: 1.040775 | AH54: 0.2518423 | AI54: 1.9138122
A55: ADT | B55: Consumer Discretionary | C55: -0.01260756 | D55: 6.6285866e+09 | E55: =SQRT(D55) | F55: =D55/SUM($D$2:$D$2546) | G55: =E55/SUM($E$2:$E$2546) | H55: 0 | I55: 1 | J55: 0 | K55: 0 | L55: 0 | M55: 0 | N55: 0 | O55: 0 | P55: 0 | Q55: 0 | R55: 0 | S55: 22.614657 | T55: 0.67255754 | U55: 0.00078252468 | V55: 0.55206023 | W55: 0.017104003 | X55: 0.19789147 | Y55: 0.013043181 | Z55: -0.97121391 | AA55: -0.80996353 | AB55: -1.1558648 | AC55: 0.099676755 | AD55: 0.30408474 | AE55: 0.77365269 | AF55: 0.052009316 | AG55: 2.0184817 | AH55: 0.48931616 | AI55: 2.8448742
A56: ADTN | B56: Information Technology | C56: -0.041627054 | D56: 7.4668105e+08 | E56: =SQRT(D56) | F56: =D56/SUM($D$2:$D$2546) | G56: =E56/SUM($E$2:$E$2546) | H56: 0 | I56: 0 | J56: 0 | K56: 0 | L56: 0 | M56: 0 | N56: 0 | O56: 1 | P56: 0 | Q56: 0 | R56: 0 | S56: 20.431149 | T56: 1.7425301 | U56: 0.0010469267 | V56: 0.22715589 | W56: 0.038600063 | X56: 0.70029269 | Y56: 0.033770538 | Z56: -1.0333995 | AA56: -1.260952 | AB56: -1.4493607 | AC56: -0.10998538 | AD56: 0.015337205 | AE56: -0.85468245 | AF56: 0.13143101 | AG56: 1.2547005 | AH56: 0.17920241 | AI56: 2.1212584
A57: ADUS | B57: Health Care | C57: -0.021461367 | D57: 2.1501589e+09 | E57: =SQRT(D57) | F57: =D57/SUM($D$2:$D$2546) | G57: =E57/SUM($E$2:$E$2546) | H57: 0 | I57: 0 | J57: 0 | K57: 0 | L57: 0 | M57: 1 | N57: 0 | O57: 0 | P57: 0 | Q57: 0 | R57: 0 | S57: 21.488808 | T57: 0.43983755 | U57: -5.6495968e-05 | V57: 0.4752458 | W57: 0.021256409 | X57: 0.33360055 | Y57: 0.020421677 | Z57: -1.5093485 | AA57: -1.649496 | AB57: -1.6528735 | AC57: 0.041023944 | AD57: 0.048303406 | AE57: 0.13749049 | AF57: 0.097082432 | AG57: 1.0786263 | AH57: 0.15774442 | AI57: 1.1654434
A58: ADV | B58: Communication | C58: -0.021739966 | D58: 6.0686577e+08 | E58: =SQRT(D58) | F58: =D58/SUM($D$2:$D$2546) | G58: =E58/SUM($E$2:$E$2546) | H58: 1 | I58: 0 | J58: 0 | K58: 0 | L58: 0 | M58: 0 | N58: 0 | O58: 0 | P58: 0 | Q58: 0 | R58: 0 | S58: 20.223818 | T58: 1.5350151 | U58: -0.0036577844 | V58: 1.1264007 | W58: 0.066524687 | X58: 1.5945447 | Y58: 0.06883858 | Z58: -2.7042215 | AA58: -2.9267176 | AB58: -3.2535754 | AC58: -0.20063745 | AD58: 0.13352541 | AE58: 0.039160839 | AF58: 0.0039649369 | AG58: 3.7414629 | AH58: 0.55366995 | AI58: 3.4338257
... A65: AESI | B65: Energy | C65: -0.04237562 | D65: 1.4642295e+09 | E65: =SQRT(D65) | F65: =D65/SUM($D$2:$D$2546) | G65: =E65/SUM($E$2:$E$2546) | H65: 0 | I65: 0 | J65: 0 | K65: 1 | L65: 0 | M65: 0 | N65: 0 | O65: 0 | P65: 0 | Q65: 0 | R65: 0 | S65: 21.104595 | T65: 1.576087 | U65: -0.0016423093 | V65: 0.86826008 | W65: 0.032347472 | X65: 0.83401589 | Y65: 0.028252198 | Z65: -1.3619301 | AA65: -1.2467861 | AB65: -1.3987185 | AC65: -0.015183412 | AD65: 0.0024777537 | AE65: -0.058821457 | AF65: 0.47859633 | AG65: 1.33606 | AH65: 0.24578483 | AI65: 1.38705
A66: AEVA | B66: Information Technology | C66: -0.039133874 | D66: 8.2970355e+08 | E66: =SQRT(D66) | F66: =D66/SUM($D$2:$D$2546) | G66: =E66/SUM($E$2:$E$2546) | H66: 0 | I66: 0 | J66: 0 | K66: 0 | L66: 0 | M66: 0 | N66: 0 | O66: 1 | P66: 0 | Q66: 0 | R66: 0 | S66: 20.536579 | T66: 2.4704584 | U66: 0.0093219707 | V66: -0.14243762 | W66: 0.079322962 | X66: 2.0648998 | Y66: 0.07914845 | Z66: -0.0097042056 | AA66: 0.0098310039 | AB66: -0.86206015 | AC66: -0.92920899 | AD66: -0.91833281 | AE66: -0.026446281 | AF66: -0.0071551017 | AG66: 1.0000036 | AH66: 0.020044104
A67: AFG | B67: Financials | C67: -0.0033689543 | D67: 1.0863361e+10 | E67: =SQRT(D67) | F67: =D67/SUM($D$2:$D$2546) | G67: =E67/SUM($E$2:$E$2546) | H67: 0 | I67: 0 | J67: 0 | K67: 0 | L67: 1 | M67: 0 | N67: 0 | O67: 0 | P67: 0 | Q67: 0 | R67: 0 | S67: 23.108662 | T67: 0.62993557 | U67: 0.00017231656 | V67: 0.4157093 | W67: 0.015207214 | X67: 0.13755884 | Y67: 0.012540794 | Z67: -2.0869739 | AA67: -2.0878503 | AB67: -2.2120014 | AC67: 0.064068572 | AD67: 0.072169196 | AE67: 0.0010952998 | AF67: 0.097842123 | AG67: 1.1358696 | AH67: 0.048126773 | AI67: 1.3268379
A68: AFL | B68: Financials | C68: -0.0037913496 | D68: 5.4245052e+10 | E68: =SQRT(D68) | F68: =D68/SUM($D$2:$D$2546) | G68: =E68/SUM($E$2:$E$2546) | H68: 0 | I68: 0 | J68: 0 | K68: 0 | L68: 1 | M68: 0 | N68: 0 | O68: 0 | P68: 0 | Q68: 0 | R68: 0 | S68: 24.716778 | T68: 0.58424695 | U68: 0.0001923014 | V68: 0.50142822 | W68: 0.014011042 | X68: 0.096290639 | Y68: 0.010740797 | Z68: -2.2878719 | AA68: -2.3289114 | AB68: -2.4367061 | AC68: 0.044169927 | AE68: 0.16687117 | AF68: -0.038461343 | AG68: 1.1613235 | AH68: 0.071615251 | AI68: 1.3217279
A69: AFRM | B69: Financials | C69: -0.0089188526 | D69: 2.2723171e+10 | E69: =SQRT(D69) | F69: =D69/SUM($D$2:$D$2546) | G69: =E69/SUM($E$2:$E$2546) | H69: 0 | I69: 0 | J69: 0 | K69: 0 | L69: 1 | M69: 0 | N69: 0 | O69: 0 | P69: 0 | Q69: 0 | R69: 0 | S69: 23.846651 | T69: 2.4396007 | U69: 0.0019936495 | V69: 0.13506077 | W69: 0.046401421 | X69: 0.7538291 | Y69: 0.034166682 | Z69: -0.99302054 | AA69: -0.88470892 | AB69: -0.52148695 | AC69: 0.012189144 | AD69: 0.023454297 | AE69: 0.50416667 | AF69: 0.29985187 | AG69: 1.3442021 | AH69: 0.70402116 | AI69: 3.5484979
A70: AGCO | B70: Industrials | C70: -0.03493654 | D70: 8.5612056e+09 | E70: =SQRT(D70) | F70: =D70/SUM($D$2:$D$2546) | G70: =E70/SUM($E$2:$E$2546) | H70: 0 | I70: 0 | J70: 0 | K70: 0 | L70: 0 | M70: 0 | N70: 1 | O70: 0 | P70: 0 | Q70: 0 | R70: 0 | S70: 22.870507 | T70: 1.1465067 | U70: 0.00045219592 | V70: 0.48690572 | W70: 0.027313821 | X70: 0.18378318 | Y70: 0.021990554 | Z70: -1.3322083 | AA70: -1.4811546 | AB70: -1.3924022 | AC70: 0.14708209 | AD70: 0.1544175 | AE70: -0.79395852 | AF70: 0.026727098 | AG70: 1.3220224 | AH70: 0.25162066 | AI70: 1.661365
A71: AGIO | B71: Health Care | C71: 0.0019102119 | D71: 2.1348687e+09 | E71: =SQRT(D71) | F71: =D71/SUM($D$2:$D$2546) | G71: =E71/SUM($E$2:$E$2546) | H71: 0 | I71: 0 | J71: 0 | K71: 0 | L71: 0 | M71: 1 | N71: 0 | O71: 0 | P71: 0 | Q71: 0 | R71: 0 | S71: 21.481671 | T71: 1.0714112 | U71: 0.00088474204 | V71: 0.64151721 | W71: 0.029589293 | X71: 0.79937168 | Y71: 0.023837158 | Z71: -1.0023172 | AA71: -1.3085733 | AB71: -1.3846394 | AC71: -0.20988644 | AD71: -0.20752752 | AE71: -0.37712885 | AF71: 0.6295793 | AG71: 1.0146009 | AH71: 0.033142179 | AI71: 1.0227599
A72: AGL | B72: Health Care | C72: 0.0094787354 | D72: 4.3531066e+08 | E72: =SQRT(D72) | F72: =D72/SUM($D$2:$D$2546) | G72: =E72/SUM($E$2:$E$2546) | H72: 0 | I72: 0 | J72: 0 | K72: 0 | L72: 0 | M72: 1 | N72: 0 | O72: 0 | P72: 0 | Q72: 0 | R72: 0 | S72: 19.891571 | T72: 0.26931311 | U72: -0.0033619195 | V72: 0.93939578 | W72: 0.084399226 | X72: 3.2767241 | Y72: 0.11053091 | Z72: -0.025109684 | AA72: -0.79077521 | AB72: -1.1909231 | AC72: -0.95903922 | AD72: -0.8917861 | AE72: 0.15267176 | AF72: 0.43523983 | AG72: 1.0801818 | AH72: 0.024153845 | AI72: 1.0853547
A73: AGM | B73: Financials | C73: 0.016120328 | D73: 1.7087648e+09 | E73: =SQRT(D73) | F73: =D73/SUM($D$2:$D$2546) | G73: =E73/SUM($E$2:$E$2546) | H73: 0 | I73: 0 | J73: 0 | K73: 0 | L73: 1 | M73: 0 | N73: 0 | O73: 0 | P73: 0 | Q73: 0 | R73: 0 | S73: 21.259037 | T73: 0.84238375 | U73: -0.00031821175 | V73: 0.90375635 | W73: 0.020108844 | X73: 0.2195619 | Y73: 0.018286323 | Z73: -2.0041744 | AA73: -1.2970224 | AB73: -1.9862808 | AC73: 0.12836641 | AE73: 0.15374823 | AF73: 0.13653589 | AG73: 13.364917 | AH73: 0.9395496 | AI73: 14.681693
A74: AGNC | B74: Financials | C74: -0.0051895401 | D74: 9.9827286e+09 | E74: =SQRT(D74) | F74: =D74/SUM($D$2:$D$2546) | G74: =E74/SUM($E$2:$E$2546) | H74: 0 | I74: 0 | J74: 0 | K74: 0 | L74: 1 | M74: 0 | N74: 0 | O74: 0 | P74: 0 | Q74: 0 | R74: 0 | S74: 23.024122 | T74: 0.70606977 | U74: 0.00036966868 | V74: 1.0364902 | W74: 0.01355046 | X74: 0.15684803 | Y74: 0.0093628581 | Z74: -0.9515075 | AA74: -0.8012208 | AB74: -0.85981071 | AC74: -0.056096887 | AE74: 1.4778761 | AF74: 0.22348127 | AG74: 1.1696931 | AH74: 0.00058811421 | AI74: 1.163719
A75: AGO | B75: Financials | C75: 0.00036351141 | D75: 3.8044615e+09 | E75: =SQRT(D75) | F75: =D75/SUM($D$2:$D$2546) | G75: =E75/SUM($E$2:$E$2546) | H75: 0 | I75: 0 | J75: 0 | K75: 0 | L75: 1 | M75: 0 | N75: 0 | O75: 0 | P75: 0 | Q75: 0 | R75: 0 | S75: 22.05944 | T75: 0.64614091 | U75: -0.00015570294 | V75: 1.48063 | W75: 0.014127391 | X75: 0.22208469 | Y75: 0.010536231 | Z75: -1.8921678 | AA75: -1.8655869 | AB75: -1.8904178 | AC75: 0.10829391 | AE75: 0.22248238 | AF75: 0.084584242 | AG75: 1.4471066 | AH75: 0.14063663 | AI75: 1.3019705
A76: AGX | B76: Industrials | C76: -0.021936329 | D76: 3.1742773e+09 | E76: =SQRT(D76) | F76: =D76/SUM($D$2:$D$2546) | G76: =E76/SUM($E$2:$E$2546) | H76: 0 | I76: 0 | J76: 0 | K76: 0 | L76: 0 | M76: 0 | N76: 1 | O76: 0 | P76: 0 | Q76: 0 | R76: 0 | S76: 21.878346 | T76: 1.3050425 | U76: 0.0043636103 | V76: 0.12386315 | W76: 0.039398229 | X76: 0.75732236 | Y76: 0.032598191 | Z76: -0.37159167 | AA76: -0.3621288 | AB76: -0.56393865 | AC76: 0.044451063 | AD76: 0.043591654 | AE76: 0.34922509 | AF76: 0.20112093 | AH76: 0.0026939948
A77: AGYS | B77: Information Technology | C77: -0.04377167 | D77: 3.1174858e+09 | E77: =SQRT(D77) | F77: =D77/SUM($D$2:$D$2546) | G77: =E77/SUM($E$2:$E$2546) | H77: 0 | I77: 0 | J77: 0 | K77: 0 | L77: 0 | M77: 0 | N77: 0 | O77: 1 | P77: 0 | Q77: 0 | R77: 0 | S77: 21.860293 | T77: 0.99352955 | U77: 0.0010058741 | V77: 0.09084853 | W77: 0.032359316 | X77: 0.55550289 | Y77: 0.03131124 | Z77: -1.5708358 | AA77: -1.4868211 | AB77: -1.5892355 | AC77: 0.0062742868 | AD77: 0.0093549745 | AE77: 0.39012346 | AF77: 0.17320566 | AG77: 1.0038493 | AH77: 0.07958765 | AI77: 1.04237
A78: AHCO | B78: Health Care | C78: -0.027028697 | D78: 1.3203873e+09 | E78: =SQRT(D78) | F78: =D78/SUM($D$2:$D$2546) | G78: =E78/SUM($E$2:$E$2546) | H78: 0 | I78: 0 | J78: 0 | K78: 0 | L78: 0 | M78: 1 | N78: 0 | O78: 0 | P78: 0 | Q78: 0 | R78: 0 | S78: 21.001191 | T78: 0.98360969 | U78: -0.00027985666 | V78: 1.2022564 | W78: 0.033003395 | X78: 0.22818622 | Y78: 0.026911447 | Z78: -1.6346968 | AA78: -1.6277249 | AB78: -1.5711221 | AC78: 0.044453625 | AD78: 0.075338504 | AE78: -0.38679505 | AF78: 0.089141483 | AG78: 2.3577396 | AH78: 0.44822028 | AI78: 2.1293261
A79: AHH | B79: Real Estate | C79: -0.0069492615 | D79: 5.5564328e+08 | E79: =SQRT(D79) | F79: =D79/SUM($D$2:$D$2546) | G79: =E79/SUM($E$2:$E$2546) | H79: 0 | I79: 0 | J79: 0 | K79: 0 | L79: 0 | M79: 0 | N79: 0 | O79: 0 | P79: 0 | Q79: 1 | R79: 0 | S79: 20.135637 | T79: 0.84224012 | U79: -0.0015068113 | V79: 1.1734237 | W79: 0.018344071 | X79: 0.62136364 | Y79: 0.013411395 | Z79: -1.6348588 | AA79: -1.4270339 | AB79: -1.5079356 | AC79: 0.042826038 | AD79: 0.19941571 | AE79: -0.16558802 | AF79: 0.26312628 | AG79: 3.911771 | AH79: 0.60977532 | AI79: 3.4814319
A80: AHR | B80: Real Estate | C80: -0.0064167093 | D80: 7.4869461e+09 | E80: =SQRT(D80) | F80: =D80/SUM($D$2:$D$2546) | G80: =E80/SUM($E$2:$E$2546) | H80: 0 | I80: 0 | J80: 0 | K80: 0 | L80: 0 | M80: 0 | N80: 0 | O80: 0 | P80: 0 | Q80: 1 | R80: 0 | S80: 22.736427 | T80: 0.55896501 | U80: 0.0029284838 | V80: 0.32336242 | W80: 0.016335295 | X80: 0.56585612 | Y80: 0.014414685 | Z80: -1.9554 | AA80: -1.7240651 | AB80: -1.5477646 | AC80: 0.0052934801 | AD80: 0.027701014 | AE80: 0.1739255 | AF80: 0.15604806 | AG80: 1.1359532 | AH80: 0.38070873 | AI80: 1.4204359
A81: AI | B81: Information Technology | C81: -0.035014589 | D81: 2.5529112e+09 | E81: =SQRT(D81) | F81: =D81/SUM($D$2:$D$2546) | G81: =E81/SUM($E$2:$E$2546) | H81: 0 | I81: 0 | J81: 0 | K81: 0 | L81: 0 | M81: 0 | N81: 0 | O81: 1 | P81: 0 | Q81: 0 | R81: 0 | S81: 21.6605 | T81: 1.8519592 | U81: 8.1374991e-05 | V81: 0.31290708 | W81: 0.051928574 | X81: 1.5371502 | Y81: 0.053179391 | Z81: 0.53919261 | AA81: 0.24942497 | AB81: -0.088661301 | AC81: -0.18295818 | AD81: -0.17760743 | AE81: -0.049154453 | AF81: 0.14851738 | AH81: 0.00508909
A82: AIG | B82: Financials | C82: 0.0052434321 | D82: 4.2631444e+10 | E82: =SQRT(D82) | F82: =D82/SUM($D$2:$D$2546) | G82: =E82/SUM($E$2:$E$2546) | H82: 0 | I82: 0 | J82: 0 | K82: 0 | L82: 1 | M82: 0 | N82: 0 | O82: 0 | P82: 0 | Q82: 0 | R82: 0 | S82: 24.475858 | T82: 0.64045398 | U82: 0.00039595757 | V82: 0.97348333 | W82: 0.014759205 | X82: 0.19513465 | Y82: 0.011903924 | Z82: -1.7743267 | AA82: -1.8269782 | AB82: -1.7805095 | AC82: 0.10733861 | AD82: 0.19018826 | AE82: -0.4583306 | AF82: -0.22206154 | AG82: 1.2171636 | AH82: 0.055780829 | AI82: 1.223079
A83: AIN | B83: Industrials | C83: -0.026027816 | D83: 1.8561433e+09 | E83: =SQRT(D83) | F83: =D83/SUM($D$2:$D$2546) | G83: =E83/SUM($E$2:$E$2546) | H83: 0 | I83: 0 | J83: 0 | K83: 0 | L83: 0 | M83: 0 | N83: 1 | O83: 0 | P83: 0 | Q83: 0 | R83: 0 | S83: 21.341767 | T83: 1.2161276 | U83: -0.0008243179 | V83: 0.47874104 | W83: 0.035016514 | X83: 0.35648064 | Y83: 0.038341234 | Z83: -1.3287698 | AA83: -1.4932803 | AB83: -1.7115243 | AC83: 0.01978942 | AD83: 0.066662955 | AE83: -0.062643239 | AF83: 0.093689039 | AG83: 1.2395752 | AH83: 0.25802038 | AI83: 1.5004276
A84: AIOT | B84: Information Technology | C84: -0.013423007 | D84: 6.0221079e+08 | E84: =SQRT(D84) | F84: =D84/SUM($D$2:$D$2546) | G84: =E84/SUM($E$2:$E$2546) | H84: 0 | I84: 0 | J84: 0 | K84: 0 | L84: 0 | M84: 0 | N84: 0 | O84: 1 | P84: 0 | Q84: 0 | R84: 0 | S84: 20.216118 | T84: 2.2887058 | U84: -0.00095912191 | V84: 0.76506433 | W84: 0.045683053 | X84: 1.0782958 | Y84: 0.034358332 | Z84: -1.3597942 | AA84: -1.147886 | AB84: -1.3082121 | AC84: -0.067976198 | AD84: 0.03850479 | AE84: 0.026966292 | AF84: 0.37328455 | AG84: 1.3868313 | AH84: 0.30440963 | AI84: 1.5056193
A85: AIP | B85: Information Technology | C85: -0.065329385 | D85: 4.4207978e+08 | E85: =SQRT(D85) | F85: =D85/SUM($D$2:$D$2546) | G85: =E85/SUM($E$2:$E$2546) | H85: 0 | I85: 0 | J85: 0 | K85: 0 | L85: 0 | M85: 0 | N85: 0 | O85: 1 | P85: 0 | Q85: 0 | R85: 0 | S85: 19.907001 | T85: 1.7288996 | U85: 0.0011297769 | V85: -0.017030863 | W85: 0.069430865 | X85: 0.52188995 | Y85: 0.070182654 | Z85: -0.022480406 | AA85: -0.74323439 | AB85: -1.6775753 | AC85: -0.082609524 | AD85: -0.074963845 | AE85: 0.043271768 | AF85: 0.12596778 | AG85: 1.0012735 | AH85: 0.068834207
A86: AIR | B86: Industrials | C86: -0.019637399 | D86: 3.1135649e+09 | E86: =SQRT(D86) | F86: =D86/SUM($D$2:$D$2546) | G86: =E86/SUM($E$2:$E$2546) | H86: 0 | I86: 0 | J86: 0 | K86: 0 | L86: 0 | M86: 0 | N86: 1 | O86: 0 | P86: 0 | Q86: 0 | R86: 0 | S86: 21.859034 | T86: 1.1822273 | U86: 0.00086486268 | V86: 0.38913593 | W86: 0.02636782 | X86: 0.26040895 | Y86: 0.020630035 | Z86: -1.2430487 | AA86: -1.6545362 | AB86: -1.8656811 | AC86: 0.043679834 | AD86: 0.061280238 | AE86: -0.424961 | AF86: 0.14410487 | AG86: 1.3108976 | AH86: 0.36827673 | AI86: 1.7989435
A87: AIT | B87: Industrials | C87: -0.0097676036 | D87: 1.0248876e+10 | E87: =SQRT(D87) | F87: =D87/SUM($D$2:$D$2546) | G87: =E87/SUM($E$2:$E$2546) | H87: 0 | I87: 0 | J87: 0 | K87: 0 | L87: 0 | M87: 0 | N87: 1 | O87: 0 | P87: 0 | Q87: 0 | R87: 0 | S87: 23.050434 | T87: 1.3020823 | U87: 0.00089778878 | V87: 0.1799729 | W87: 0.021111672 | X87: 0.27758508 | Y87: 0.012514462 | Z87: -1.7066906 | AA87: -1.3651073 | AB87: -1.6232219 | AC87: 0.042086956 | AD87: 0.048589913 | AE87: 0.28645337 | AF87: 0.053858812 | AG87: 1.0558403 | AH87: 0.18022109 | AI87: 1.3102704
A88: AIV | B88: Real Estate | C88: -0.014004043 | D88: 8.1589334e+08 | E88: =SQRT(D88) | F88: =D88/SUM($D$2:$D$2546) | G88: =E88/SUM($E$2:$E$2546) | H88: 0 | I88: 0 | J88: 0 | K88: 0 | L88: 0 | M88: 0 | N88: 0 | O88: 0 | P88: 0 | Q88: 1 | R88: 0 | S88: 20.519794 | T88: 0.64060413 | U88: 0.00042476388 | V88: 0.11233086 | W88: 0.01740806 | X88: 0.1659427 | Y88: 0.015587028 | Z88: -1.4540246 | AA88: -1.7611285 | AB88: -1.9157558 | AC88: -0.094644724 | AD88: -0.014423454 | AE88: -0.61877551 | AF88: 0.059895165 | AG88: 2.2938358 | AH88: 0.65359368 | AI88: 12.51808
A89: AIZ | B89: Financials | C89: -0.003094884 | D89: 1.0616031e+10 | E89: =SQRT(D89) | F89: =D89/SUM($D$2:$D$2546) | G89: =E89/SUM($E$2:$E$2546) | H89: 0 | I89: 0 | J89: 0 | K89: 0 | L89: 1 | M89: 0 | N89: 0 | O89: 0 | P89: 0 | Q89: 0 | R89: 0 | S89: 23.085631 | T89: 0.8231414 | U89: -0.00019476242 | V89: 0.51794311 | W89: 0.021171101 | X89: 0.1986201 | Y89: 0.01888096 | Z89: -1.7046554 | AA89: -1.4841648 | AB89: -1.69628 | AC89: 0.088658372 | AD89: 0.1108889 | AE89: 0.18793802 | AF89: 0.055389182 | AG89: 1.1798977 | AH89: 0.058672687 | AI89: 1.3473311
A90: AJG | B90: Financials | C90: -0.0057432645 | D90: 7.5469008e+10 | E90: =SQRT(D90) | F90: =D90/SUM($D$2:$D$2546) | G90: =E90/SUM($E$2:$E$2546) | H90: 0 | I90: 0 | J90: 0 | K90: 0 | L90: 1 | M90: 0 | N90: 0 | O90: 0 | P90: 0 | Q90: 0 | R90: 0 | S90: 25.046988 | T90: 0.45466845 | U90: 0.00035098956 | V90: 0.30506695 | W90: 0.015895531 | X90: 0.17941639 | Y90: 0.014777165 | Z90: -1.9967538 | AA90: -2.151964 | AB90: -2.1305639 | AC90: 0.019388091 | AD90: 0.031620927 | AE90: 0.12189862 | AF90: 0.12043515 | AG90: 1.1603029 | AH90: 0.16595942 | AI90: 1.5254679
A91: AKAM | B91: Information Technology | C91: -0.015630614 | D91: 1.0853194e+10 | E91: =SQRT(D91) | F91: =D91/SUM($D$2:$D$2546) | G91: =E91/SUM($E$2:$E$2546) | H91: 0 | I91: 0 | J91: 0 | K91: 0 | L91: 0 | M91: 0 | N91: 0 | O91: 1 | P91: 0 | Q91: 0 | R91: 0 | S91: 23.107725 | T91: 1.2172534 | U91: -0.0012140027 | V91: 0.41163072 | W91: 0.024280021 | X91: 0.41130891 | Y91: 0.01808914 | Z91: -1.1692481 | AA91: -1.0464978 | AB91: -1.178791 | AC91: 0.038188943 | AD91: 0.054482027 | AE91: -0.048067463 | AF91: 0.047983474 | AG91: 1.377859 | AH91: 0.50028924 | AI91: 1.9179563
A92: AKBA | B92: Health Care | C92: -0.0030349008 | D92: 8.7570776e+08 | E92: =SQRT(D92) | F92: =D92/SUM($D$2:$D$2546) | G92: =E92/SUM($E$2:$E$2546) | H92: 0 | I92: 0 | J92: 0 | K92: 0 | L92: 0 | M92: 1 | N92: 0 | O92: 0 | P92: 0 | Q92: 0 | R92: 0 | S92: 20.590543 | T92: 1.0641439 | U92: 0.0043308266 | V92: 0.033371864 | W92: 0.052307139 | X92: 0.91358772 | Y92: 0.047135481 | Z92: -1.1966875 | AA92: -0.96989907 | AB92: -1.3456705 | AC92: 0.0011282303 | AD92: 0.0025716342 | AE92: 0.61560284 | AF92: -0.11748056 | AG92: 1.0537417 | AH92: 0.15440617 | AI92: 2.6103887
A93: AKR | B93: Real Estate | C93: -0.010465858 | D93: 2.4682765e+09 | E93: =SQRT(D93) | F93: =D93/SUM($D$2:$D$2546) | G93: =E93/SUM($E$2:$E$2546) | H93: 0 | I93: 0 | J93: 0 | K93: 0 | L93: 0 | M93: 0 | N93: 0 | O93: 0 | P93: 0 | Q93: 1 | R93: 0 | S93: 21.626786 | T93: 0.92903898 | U93: -0.00043905152 | V93: 0.91931598 | W93: 0.017892018 | X93: 0.33279334 | Y93: 0.013568564 | Z93: -1.3360832 | AA93: -1.4399154 | AB93: -1.6388483 | AC93: 0.0031811672 | AD93: 0.066819095 | AE93: 0.14368932 | AF93: 0.064981232 | AG93: 1.7092548 | AH93: 0.40258768 | AI93: 1.7715028
A94: AL | B94: Industrials | C94: -0.0068836001 | D94: 6.4724102e+09 | E94: =SQRT(D94) | F94: =D94/SUM($D$2:$D$2546) | G94: =E94/SUM($E$2:$E$2546) | H94: 0 | I94: 0 | J94: 0 | K94: 0 | L94: 0 | M94: 0 | N94: 1 | O94: 0 | P94: 0 | Q94: 0 | R94: 0 | S94: 22.590814 | T94: 1.2524457 | U94: 0.0012814455 | V94: 1.2706597 | W94: 0.020154376 | X94: 0.29792013 | Y94: 0.013065687 | Z94: -1.841908 | AA94: -1.8896178 | AB94: -1.9295564 | AC94: 0.23803621 | AD94: 0.42608857 | AE94: 0.17057057 | AF94: 0.093786759 | AG94: 3.9949299 | AH94: 0.61030653 | AI94: 3.3569881
A95: ALAB | B95: Information Technology | C95: -0.015351676 | D95: 3.2706496e+10 | E95: =SQRT(D95) | F95: =D95/SUM($D$2:$D$2546) | G95: =E95/SUM($E$2:$E$2546) | H95: 0 | I95: 0 | J95: 0 | K95: 0 | L95: 0 | M95: 0 | N95: 0 | O95: 1 | P95: 0 | Q95: 0 | R95: 0 | S95: 24.21084 | T95: 2.2550411 | U95: 0.0013918278 | V95: 0.034724417 | W95: 0.062427235 | X95: 0.62635769 | Y95: 0.052757532 | Z95: -0.14580107 | AA95: -0.40623665 | AB95: -0.52463733 | AC95: 0.0062640767 | AD95: 0.0064343181 | AE95: -0.22956511 | AF95: 0.80179439 | AH95: 0.0010114794
A96: ALB | B96: Materials | C96: -0.0029429466 | D96: 9.5317165e+09 | E96: =SQRT(D96) | F96: =D96/SUM($D$2:$D$2546) | G96: =E96/SUM($E$2:$E$2546) | H96: 0 | I96: 0 | J96: 0 | K96: 0 | L96: 0 | M96: 0 | N96: 0 | O96: 0 | P96: 1 | Q96: 0 | R96: 0 | S96: 22.977891 | T96: 1.6594865 | U96: -0.0010414021 | V96: 1.0743633 | W96: 0.041147359 | X96: 0.64286987 | Y96: 0.037179592 | Z96: 0.040593552 | AA96: -0.25023498 | AB96: -0.58505665 | AC96: 0.0096087625 | AD96: 0.080416995 | AE96: -0.38125385 | AF96: 0.13174551 | AG96: 1.5679162 | AH96: 0.21498657 | AI96: 1.5286072
A97: ALDX | B97: Health Care | C97: -0.013121031 | D97: 3.2307408e+08 | E97: =SQRT(D97) | F97: =D97/SUM($D$2:$D$2546) | G97: =E97/SUM($E$2:$E$2546) | H97: 0 | I97: 0 | J97: 0 | K97: 0 | L97: 0 | M97: 1 | N97: 0 | O97: 0 | P97: 0 | Q97: 0 | R97: 0 | S97: 19.593392 | T97: 2.2989211 | U97: 0.0015470773 | V97: 0.17113147 | W97: 0.068279618 | X97: 0.98110592 | Y97: 0.043806897 | Z97: -0.94104107 | AA97: -1.0225288 | AB97: -1.135815 | AC97: -0.12092969 | AD97: -0.12015857 | AE97: 0.087331536 | AG97: 1.046734 | AH97: 0.18309047 | AI97: 1.273088
A98: ALEC | B98: Health Care | C98: 0.12083646 | D98: 2.3795022e+08 | E98: =SQRT(D98) | F98: =D98/SUM($D$2:$D$2546) | G98: =E98/SUM($E$2:$E$2546) | H98: 0 | I98: 0 | J98: 0 | K98: 0 | L98: 0 | M98: 1 | N98: 0 | O98: 0 | P98: 0 | Q98: 0 | R98: 0 | S98: 19.287572 | T98: 1.5206238 | U98: -0.0032686222 | V98: 0.29911719 | W98: 0.081120596 | X98: 4.2295137 | Y98: 0.077152895 | Z98: -1.4590667 | AA98: -1.7260933 | AB98: -1.7765996 | AC98: -0.51311573 | AD98: -0.45895314 | AE98: -0.18765432 | AF98: -0.26462675 | AG98: 1.0400756 | AH98: 0.11077599 | AI98: 1.1339796
A99: ALEX | B99: Real Estate | C99: -0.01347374 | D99: 1.3215921e+09 | E99: =SQRT(D99) | F99: =D99/SUM($D$2:$D$2546) | G99: =E99/SUM($E$2:$E$2546) | H99: 0 | I99: 0 | J99: 0 | K99: 0 | L99: 0 | M99: 0 | N99: 0 | O99: 0 | P99: 0 | Q99: 1 | R99: 0 | S99: 21.002103 | T99: 0.39081325 | U99: 0.00011866795 | V99: 0.76652395 | W99: 0.011374866 | X99: 0.15392455 | Y99: 0.009323327 | Z99: -2.0928582 | AA99: -2.1852243 | AB99: -2.1678111 | AC99: 0.076053723 | AD99: 0.10650487 | AE99: 0.35702479 | AF99: -0.031735082 | AG99: 1.226467 | AH99: 0.27417462 | AI99: 1.2954467
A100: ALG | B100: Industrials | C100: -0.026154467 | D100: 2.8063076e+09 | E100: =SQRT(D100) | F100: =D100/SUM($D$2:$D$2546) | G100: =E100/SUM($E$2:$E$2546) | H100: 0 | I100: 0 | J100: 0 | K100: 0 | L100: 0 | M100: 0 | N100: 1 | O100: 0 | P100: 0 | Q100: 0 | R100: 0 | S100: 21.755135 | T100: 0.85777369 | U100: 0.00080338744 | V100: 0.39746036 | W100: 0.017849452 | X100: 0.21629384 | Y100: 0.013886092 | Z100: -1.9003245 | AA100: -1.6441293 | AB100: -1.7395517 | AC100: 0.044337264 | AD100: 0.050149885 | AE100: 0.12689882 | AF100: 0.068693123 | AG100: 1.0705953 | AH100: 0.13681837 | AI100: 1.1776158
A101: ALGM | B101: Information Technology | C101: -0.024143492 | D101: 5.9033672e+09 | E101: =SQRT(D101) | F101: =D101/SUM($D$2:$D$2546) | G101: =E101/SUM($E$2:$E$2546) | H101: 0 | I101: 0 | J101: 0 | K101: 0 | L101: 0 | M101: 0 | N101: 0 | O101: 1 | P101: 0 | Q101: 0 | R101: 0 | S101: 22.498789 | T101: 1.9315929 | U101: 0.0021660301 | V101: 0.15629267 | W101: 0.038377765 | X101: 0.50000176 | Y101: 0.026705412 | Z101: -1.4845954 | AA101: -1.4601393 | AB101: -1.2380303 | AC101: -0.0089623427 | AD101: 0.0020252848 | AE101: -0.46594982 | AF101: -0.0062888503 | AG101: 1.0526462 | AH101: 0.24120506 | AI101: 1.3368439
A102: ALGN | B102: Health Care | C102: -0.019819099 | D102: 1.0456845e+10 | E102: =SQRT(D102) | F102: =D102/SUM($D$2:$D$2546) | G102: =E102/SUM($E$2:$E$2546) | H102: 0 | I102: 0 | J102: 0 | K102: 0 | L102: 0 | M102: 1 | N102: 0 | O102: 0 | P102: 0 | Q102: 0 | R102: 0 | S102: 23.070523 | T102: 1.3208079 | U102: -0.00077727455 | V102: 0.37418353 | W102: 0.050268348 | X102: 0.56916317 | Y102: 0.063646853 | Z102: -0.37652413 | AA102: -0.9356132 | AB102: -1.1948772 | AC102: 0.047665622 | AD102: 0.063186938 | AE102: -0.17408124 | AF102: 0.0068664927 | AG102: 1.0086521 | AH102: 0.019781016 | AI102: 1.0231227
A103: ALGT | B103: Industrials | C103: -0.023266454 | D103: 1.1225481e+09 | E103: =SQRT(D103) | F103: =D103/SUM($D$2:$D$2546) | G103: =E103/SUM($E$2:$E$2546) | H103: 0 | I103: 0 | J103: 0 | K103: 0 | L103: 0 | M103: 0 | N103: 1 | O103: 0 | P103: 0 | Q103: 0 | R103: 0 | S103: 20.838867 | T103: 2.2617244 | U103: -0.0010877934 | V103: 0.94064654 | W103: 0.045520605 | X103: 1.0700642 | Y103: 0.034915537 | Z103: -0.56028534 | AA103: -0.68579626 | AB103: -0.72056666 | AC103: -0.23220742 | AD103: 0.011944254 | AE103: -0.84301676 | AF103: 0.11612096 | AG103: 2.5846581 | AH103: 0.46336402 | AI103: 2.6846478
A104: ALHC | B104: Health Care | C104: 0.0040567646 | D104: 2.9533542e+09 | E104: =SQRT(D104) | F104: =D104/SUM($D$2:$D$2546) | G104: =E104/SUM($E$2:$E$2546) | H104: 0 | I104: 0 | J104: 0 | K104: 0 | L104: 0 | M104: 1 | N104: 0 | O104: 0 | P104: 0 | Q104: 0 | R104: 0 | S104: 21.806207 | T104: 0.047658269 | U104: 0.00093949013 | V104: 0.047731153 | W104: 0.033827817 | X104: 0.77388971 | Y104: 0.032032755 | Z104: -0.91596464 | AA104: -1.029514 | AB104: -1.3594475 | AC104: 0.021219263 | AD104: 0.030704072 | AE104: 0.16909621 | AF104: 0.28036183 | AG104: 1.1091285 | AH104: 0.32960656 | AI104: 3.2863152
A105: ALIT | B105: Industrials | C105: -0.058372041 | D105: 1.9727094e+09 | E105: =SQRT(D105) | F105: =D105/SUM($D$2:$D$2546) | G105: =E105/SUM($E$2:$E$2546) | H105: 0 | I105: 0 | J105: 0 | K105: 0 | L105: 0 | M105: 0 | N105: 1 | O105: 0 | P105: 0 | Q105: 0 | R105: 0 | S105: 21.402674 | T105: 1.6020235 | U105: -0.0013101433 | V105: 1.5805673 | W105: 0.034496366 | X105: 0.76591549 | Y105: 0.033283886 | Z105: -1.0577965 | AA105: -1.1824929 | AB105: -1.2882982 | AC105: -2.1756879 | AD105: -2.0276682 | AE105: -0.2507021 | AF105: 0.027075812 | AG105: 2.0112995 | AH105: 0.31606906 | AI105: 1.6398332
A106: ALK | B106: Industrials | C106: -0.015355407 | D106: 6.6719088e+09 | E106: =SQRT(D106) | F106: =D106/SUM($D$2:$D$2546) | G106: =E106/SUM($E$2:$E$2546) | H106: 0 | I106: 0 | J106: 0 | K106: 0 | L106: 0 | M106: 0 | N106: 1 | O106: 0 | P106: 0 | Q106: 0 | R106: 0 | S106: 22.621172 | T106: 1.8429855 | U106: 0.00045430416 | V106: 0.59083541 | W106: 0.034160493 | X106: 0.67641239 | Y106: 0.023153769 | Z106: -0.70953692 | AA106: -0.69824238 | AB106: -0.62794981 | AC106: 0.10311891 | AD106: 0.2224251 | AE106: 0.73756906 | AF106: 0.18384014 | AG106: 1.6666758 | AH106: 0.32049283 | AI106: 2.1283612
A107: ALKS | B107: Health Care | C107: -0.013007704 | D107: 4.7273141e+09 | E107: =SQRT(D107) | F107: =D107/SUM($D$2:$D$2546) | G107: =E107/SUM($E$2:$E$2546) | H107: 0 | I107: 0 | J107: 0 | K107: 0 | L107: 0 | M107: 1 | N107: 0 | O107: 0 | P107: 0 | Q107: 0 | R107: 0 | S107: 22.276623 | T107: 0.66184272 | U107: -7.8338875e-05 | V107: 0.34365899 | W107: 0.022354808 | X107: 0.26468546 | Y107: 0.020561358 | Z107: -1.3485691 | AA107: -1.4897055 | AB107: -1.5197892 | AC107: 0.073697662 | AD107: 0.073697662 | AE107: 0.75808171 | AF107: 0.12372486 | AG107: 1.060462 | AH107: 0.032261057 | AI107: 1.1759361
...

Sheet ZScoring
A1: Ticker | B1: z(dastd) | C1: z(cmra) | D1: z(hsigma) | E1: z(stom) | F1: z(stoq) | G1: z(stoa) | H1: z(etop) | I1: z(cetop) | J1: z(egro) | K1: z(sgro) | L1: z(mlev) | M1: z(dtoa) | N1: z(blev) | O1: residvol_comp | P1: liq_comp | Q1: earnyild_comp | R1: growth_comp | S1: leverage_comp | T1: nlsize_raw | U1: z_pre(size) | V1: z_pre(beta) | W1: z_pre(momentum) | X1: z_pre(residvol) | Y1: z_pre(nlsize) | Z1: z_pre(btop) | AA1: z_pre(liquidity) | AB1: z_pre(earnyild) | AC1: z_pre(growth) | AD1: z_pre(leverage) | AE1: nlsize_orth | AF1: residvol_orth | AG1: liq_orth | AH1: py_size | AI1: py_beta | AJ1: py_momentum | AK1: py_residvol | AL1: py_nlsize | AM1: py_btop | AN1: py_liquidity | AO1: py_earnyild | AP1: py_growth | AQ1: py_leverage
A2: =Universe!A2 | B2: =IF(Universe!W2="","",(Universe!W2-$B$2550)/$C$2550) | C2: =IF(Universe!X2="","",(Universe!X2-$B$2551)/$C$2551) | D2: =IF(Universe!Y2="","",(Universe!Y2-$B$2552)/$C$2552) | E2: =IF(Universe!Z2="","",(Universe!Z2-$B$2553)/$C$2553) | F2: =IF(Universe!AA2="","",(Universe!AA2-$B$2554)/$C$2554) | G2: =IF(Universe!AB2="","",(Universe!AB2-$B$2555)/$C$2555) | H2: =IF(Universe!AC2="","",(Universe!AC2-$B$2556)/$C$2556) | I2: =IF(Universe!AD2="","",(Universe!AD2-$B$2557)/$C$2557) | J2: =IF(Universe!AE2="","",(Universe!AE2-$B$2558)/$C$2558) | K2: =IF(Universe!AF2="","",(Universe!AF2-$B$2559)/$C$2559) | L2: =IF(Universe!AG2="","",(Universe!AG2-$B$2560)/$C$2560) | M2: =IF(Universe!AH2="","",(Universe!AH2-$B$2561)/$C$2561) | N2: =IF(Universe!AI2="","",(Universe!AI2-$B$2562)/$C$2562) | O2: =0.74*IF(B2="",0,B2)+0.16*IF(C2="",0,C2)+0.1*IF(D2="",0,D2) | P2: =0.35*IF(E2="",0,E2)+0.35*IF(F2="",0,F2)+0.3*IF(G2="",0,G2) | Q2: =0.656*IF(I2="",0,I2)+0.344*IF(H2="",0,H2) | R2: =0.338*IF(J2="",0,J2)+0.662*IF(K2="",0,K2) | S2: =0.38*IF(L2="",0,L2)+0.35*IF(M2="",0,M2)+0.27*IF(N2="",0,N2) | T2: =IF(Universe!S2="","",((Universe!S2-$B$2565)/$C$2565)^3) | U2: =IF(Universe!S2="","",(Universe!S2-$B$2565)/$C$2565) | V2: =IF(Universe!T2="","",(Universe!T2-$B$2566)/$C$2566) | W2: =IF(Universe!U2="","",(Universe!U2-$B$2567)/$C$2567) | X2: =IF(O2="","",(O2-$B$2571)/$C$2571) | Y2: =IF(T2="","",(T2-$B$2576)/$C$2576) | Z2: =IF(Universe!V2="","",(Universe!V2-$B$2568)/$C$2568) | AA2: =IF(P2="","",(P2-$B$2572)/$C$2572) | AB2: =IF(Q2="","",(Q2-$B$2573)/$C$2573) | AC2: =IF(R2="","",(R2-$B$2574)/$C$2574) | AD2: =IF(S2="","",(S2-$B$2575)/$C$2575) | AE2: =IF(Y2="","",Y2-(19.12044933116382+16.522174187581257*U2)) | AF2: =IF(X2="","",(X2-(-0.27268023098325006+0.47142105304415904*V2+-0.3189264934812436*U2)--5.286111042926227e-16)/0.7994208745952703) | AG2: =IF(AA2="","",(AA2-(0.5248806186338691+-0.064206457956449*U2)-5.43454825424064e-16)/0.9977404048781155) | AH2: -1.1256135 | AI2: 0.16159731 | AJ2: -0.94755512 | AK2: -0.31223295 | AL2: 2.2717839 | AM2: -0.043668977 | AN2: -0.66369138 | AO2: -0.0089921405 | AP2: -0.65018101 | AQ2: -0.021687743
A3: =Universe!A3 | B3: =IF(Universe!W3="","",(Universe!W3-$B$2550)/$C$2550) | C3: =IF(Universe!X3="","",(Universe!X3-$B$2551)/$C$2551) | D3: =IF(Universe!Y3="","",(Universe!Y3-$B$2552)/$C$2552) | E3: =IF(Universe!Z3="","",(Universe!Z3-$B$2553)/$C$2553) | F3: =IF(Universe!AA3="","",(Universe!AA3-$B$2554)/$C$2554) | G3: =IF(Universe!AB3="","",(Universe!AB3-$B$2555)/$C$2555) | H3: =IF(Universe!AC3="","",(Universe!AC3-$B$2556)/$C$2556) | I3: =IF(Universe!AD3="","",(Universe!AD3-$B$2557)/$C$2557) | J3: =IF(Universe!AE3="","",(Universe!AE3-$B$2558)/$C$2558) | K3: =IF(Universe!AF3="","",(Universe!AF3-$B$2559)/$C$2559) | L3: =IF(Universe!AG3="","",(Universe!AG3-$B$2560)/$C$2560) | M3: =IF(Universe!AH3="","",(Universe!AH3-$B$2561)/$C$2561) | N3: =IF(Universe!AI3="","",(Universe!AI3-$B$2562)/$C$2562) | O3: =0.74*IF(B3="",0,B3)+0.16*IF(C3="",0,C3)+0.1*IF(D3="",0,D3) | P3: =0.35*IF(E3="",0,E3)+0.35*IF(F3="",0,F3)+0.3*IF(G3="",0,G3) | Q3: =0.656*IF(I3="",0,I3)+0.344*IF(H3="",0,H3) | R3: =0.338*IF(J3="",0,J3)+0.662*IF(K3="",0,K3) | S3: =0.38*IF(L3="",0,L3)+0.35*IF(M3="",0,M3)+0.27*IF(N3="",0,N3) | T3: =IF(Universe!S3="","",((Universe!S3-$B$2565)/$C$2565)^3) | U3: =IF(Universe!S3="","",(Universe!S3-$B$2565)/$C$2565) | V3: =IF(Universe!T3="","",(Universe!T3-$B$2566)/$C$2566) | W3: =IF(Universe!U3="","",(Universe!U3-$B$2567)/$C$2567) | X3: =IF(O3="","",(O3-$B$2571)/$C$2571) | Y3: =IF(T3="","",(T3-$B$2576)/$C$2576) | Z3: =IF(Universe!V3="","",(Universe!V3-$B$2568)/$C$2568) | AA3: =IF(P3="","",(P3-$B$2572)/$C$2572) | AB3: =IF(Q3="","",(Q3-$B$2573)/$C$2573) | AC3: =IF(R3="","",(R3-$B$2574)/$C$2574) | AD3: =IF(S3="","",(S3-$B$2575)/$C$2575) | AE3: =IF(Y3="","",Y3-(19.12044933116382+16.522174187581257*U3)) | AF3: =IF(X3="","",(X3-(-0.27268023098325006+0.47142105304415904*V3+-0.3189264934812436*U3)--5.286111042926227e-16)/0.7994208745952703) | AG3: =IF(AA3="","",(AA3-(0.5248806186338691+-0.064206457956449*U3)-5.43454825424064e-16)/0.9977404048781155) | AH3: -1.9461624 | AI3: 1.3033009 | AJ3: -0.9037673 | AK3: -0.51704592 | AL3: 3.2450696 | AM3: 0.76403029 | AN3: 1.2067671 | AO3: 0.18390661 | AP3: -1.1527572 | AQ3: -0.16810157
A4: =Universe!A4 | B4: =IF(Universe!W4="","",(Universe!W4-$B$2550)/$C$2550) | C4: =IF(Universe!X4="","",(Universe!X4-$B$2551)/$C$2551) | D4: =IF(Universe!Y4="","",(Universe!Y4-$B$2552)/$C$2552) | E4: =IF(Universe!Z4="","",(Universe!Z4-$B$2553)/$C$2553) | F4: =IF(Universe!AA4="","",(Universe!AA4-$B$2554)/$C$2554) | G4: =IF(Universe!AB4="","",(Universe!AB4-$B$2555)/$C$2555) | H4: =IF(Universe!AC4="","",(Universe!AC4-$B$2556)/$C$2556) | I4: =IF(Universe!AD4="","",(Universe!AD4-$B$2557)/$C$2557) | J4: =IF(Universe!AE4="","",(Universe!AE4-$B$2558)/$C$2558) | K4: =IF(Universe!AF4="","",(Universe!AF4-$B$2559)/$C$2559) | L4: =IF(Universe!AG4="","",(Universe!AG4-$B$2560)/$C$2560) | M4: =IF(Universe!AH4="","",(Universe!AH4-$B$2561)/$C$2561) | N4: =IF(Universe!AI4="","",(Universe!AI4-$B$2562)/$C$2562) | O4: =0.74*IF(B4="",0,B4)+0.16*IF(C4="",0,C4)+0.1*IF(D4="",0,D4) | P4: =0.35*IF(E4="",0,E4)+0.35*IF(F4="",0,F4)+0.3*IF(G4="",0,G4) | Q4: =0.656*IF(I4="",0,I4)+0.344*IF(H4="",0,H4) | R4: =0.338*IF(J4="",0,J4)+0.662*IF(K4="",0,K4) | S4: =0.38*IF(L4="",0,L4)+0.35*IF(M4="",0,M4)+0.27*IF(N4="",0,N4) | T4: =IF(Universe!S4="","",((Universe!S4-$B$2565)/$C$2565)^3) | U4: =IF(Universe!S4="","",(Universe!S4-$B$2565)/$C$2565) | V4: =IF(Universe!T4="","",(Universe!T4-$B$2566)/$C$2566) | W4: =IF(Universe!U4="","",(Universe!U4-$B$2567)/$C$2567) | X4: =IF(O4="","",(O4-$B$2571)/$C$2571) | Y4: =IF(T4="","",(T4-$B$2576)/$C$2576) | Z4: =IF(Universe!V4="","",(Universe!V4-$B$2568)/$C$2568) | AA4: =IF(P4="","",(P4-$B$2572)/$C$2572) | AB4: =IF(Q4="","",(Q4-$B$2573)/$C$2573) | AC4: =IF(R4="","",(R4-$B$2574)/$C$2574) | AD4: =IF(S4="","",(S4-$B$2575)/$C$2575) | AE4: =IF(Y4="","",Y4-(19.12044933116382+16.522174187581257*U4)) | AF4: =IF(X4="","",(X4-(-0.27268023098325006+0.47142105304415904*V4+-0.3189264934812436*U4)--5.286111042926227e-16)/0.7994208745952703) | AG4: =IF(AA4="","",(AA4-(0.5248806186338691+-0.064206457956449*U4)-5.43454825424064e-16)/0.9977404048781155) | AH4: -1.9145357 | AI4: 1.7894029 | AJ4: -0.69485593 | AK4: -0.38013484 | AL4: 3.2234631 | AM4: -0.95705133 | AN4: 3.1724446 | AO4: 0.18470712 | AP4: 0.56104884 | AQ4: 1.4250345
A5: =Universe!A5 | B5: =IF(Universe!W5="","",(Universe!W5-$B$2550)/$C$2550) | C5: =IF(Universe!X5="","",(Universe!X5-$B$2551)/$C$2551) | D5: =IF(Universe!Y5="","",(Universe!Y5-$B$2552)/$C$2552) | E5: =IF(Universe!Z5="","",(Universe!Z5-$B$2553)/$C$2553) | F5: =IF(Universe!AA5="","",(Universe!AA5-$B$2554)/$C$2554) | G5: =IF(Universe!AB5="","",(Universe!AB5-$B$2555)/$C$2555) | H5: =IF(Universe!AC5="","",(Universe!AC5-$B$2556)/$C$2556) | I5: =IF(Universe!AD5="","",(Universe!AD5-$B$2557)/$C$2557) | J5: =IF(Universe!AE5="","",(Universe!AE5-$B$2558)/$C$2558) | K5: =IF(Universe!AF5="","",(Universe!AF5-$B$2559)/$C$2559) | L5: =IF(Universe!AG5="","",(Universe!AG5-$B$2560)/$C$2560) | M5: =IF(Universe!AH5="","",(Universe!AH5-$B$2561)/$C$2561) | N5: =IF(Universe!AI5="","",(Universe!AI5-$B$2562)/$C$2562) | O5: =0.74*IF(B5="",0,B5)+0.16*IF(C5="",0,C5)+0.1*IF(D5="",0,D5) | P5: =0.35*IF(E5="",0,E5)+0.35*IF(F5="",0,F5)+0.3*IF(G5="",0,G5) | Q5: =0.656*IF(I5="",0,I5)+0.344*IF(H5="",0,H5) | R5: =0.338*IF(J5="",0,J5)+0.662*IF(K5="",0,K5) | S5: =0.38*IF(L5="",0,L5)+0.35*IF(M5="",0,M5)+0.27*IF(N5="",0,N5) | T5: =IF(Universe!S5="","",((Universe!S5-$B$2565)/$C$2565)^3) | U5: =IF(Universe!S5="","",(Universe!S5-$B$2565)/$C$2565) | V5: =IF(Universe!T5="","",(Universe!T5-$B$2566)/$C$2566) | W5: =IF(Universe!U5="","",(Universe!U5-$B$2567)/$C$2567) | X5: =IF(O5="","",(O5-$B$2571)/$C$2571) | Y5: =IF(T5="","",(T5-$B$2576)/$C$2576) | Z5: =IF(Universe!V5="","",(Universe!V5-$B$2568)/$C$2568) | AA5: =IF(P5="","",(P5-$B$2572)/$C$2572) | AB5: =IF(Q5="","",(Q5-$B$2573)/$C$2573) | AC5: =IF(R5="","",(R5-$B$2574)/$C$2574) | AD5: =IF(S5="","",(S5-$B$2575)/$C$2575) | AE5: =IF(Y5="","",Y5-(19.12044933116382+16.522174187581257*U5)) | AF5: =IF(X5="","",(X5-(-0.27268023098325006+0.47142105304415904*V5+-0.3189264934812436*U5)--5.286111042926227e-16)/0.7994208745952703) | AG5: =IF(AA5="","",(AA5-(0.5248806186338691+-0.064206457956449*U5)-5.43454825424064e-16)/0.9977404048781155) | AH5: -2.8498264 | AI5: 0.073749568 | AJ5: 0.88938629 | AK5: -0.67194049 | AL5: 3.1372573 | AM5: -0.30581998 | AN5: -0.62374791 | AO5: -0.043461421 | AP5: -1.1878132 | AQ5: 3.1625556
A6: =Universe!A6 | B6: =IF(Universe!W6="","",(Universe!W6-$B$2550)/$C$2550) | C6: =IF(Universe!X6="","",(Universe!X6-$B$2551)/$C$2551) | D6: =IF(Universe!Y6="","",(Universe!Y6-$B$2552)/$C$2552) | E6: =IF(Universe!Z6="","",(Universe!Z6-$B$2553)/$C$2553) | F6: =IF(Universe!AA6="","",(Universe!AA6-$B$2554)/$C$2554) | G6: =IF(Universe!AB6="","",(Universe!AB6-$B$2555)/$C$2555) | H6: =IF(Universe!AC6="","",(Universe!AC6-$B$2556)/$C$2556) | I6: =IF(Universe!AD6="","",(Universe!AD6-$B$2557)/$C$2557) | J6: =IF(Universe!AE6="","",(Universe!AE6-$B$2558)/$C$2558) | K6: =IF(Universe!AF6="","",(Universe!AF6-$B$2559)/$C$2559) | L6: =IF(Universe!AG6="","",(Universe!AG6-$B$2560)/$C$2560) | M6: =IF(Universe!AH6="","",(Universe!AH6-$B$2561)/$C$2561) | N6: =IF(Universe!AI6="","",(Universe!AI6-$B$2562)/$C$2562) | O6: =0.74*IF(B6="",0,B6)+0.16*IF(C6="",0,C6)+0.1*IF(D6="",0,D6) | P6: =0.35*IF(E6="",0,E6)+0.35*IF(F6="",0,F6)+0.3*IF(G6="",0,G6) | Q6: =0.656*IF(I6="",0,I6)+0.344*IF(H6="",0,H6) | R6: =0.338*IF(J6="",0,J6)+0.662*IF(K6="",0,K6) | S6: =0.38*IF(L6="",0,L6)+0.35*IF(M6="",0,M6)+0.27*IF(N6="",0,N6) | T6: =IF(Universe!S6="","",((Universe!S6-$B$2565)/$C$2565)^3) | U6: =IF(Universe!S6="","",(Universe!S6-$B$2565)/$C$2565) | V6: =IF(Universe!T6="","",(Universe!T6-$B$2566)/$C$2566) | W6: =IF(Universe!U6="","",(Universe!U6-$B$2567)/$C$2567) | X6: =IF(O6="","",(O6-$B$2571)/$C$2571) | Y6: =IF(T6="","",(T6-$B$2576)/$C$2576) | Z6: =IF(Universe!V6="","",(Universe!V6-$B$2568)/$C$2568) | AA6: =IF(P6="","",(P6-$B$2572)/$C$2572) | AB6: =IF(Q6="","",(Q6-$B$2573)/$C$2573) | AC6: =IF(R6="","",(R6-$B$2574)/$C$2574) | AD6: =IF(S6="","",(S6-$B$2575)/$C$2575) | AE6: =IF(Y6="","",Y6-(19.12044933116382+16.522174187581257*U6)) | AF6: =IF(X6="","",(X6-(-0.27268023098325006+0.47142105304415904*V6+-0.3189264934812436*U6)--5.286111042926227e-16)/0.7994208745952703) | AG6: =IF(AA6="","",(AA6-(0.5248806186338691+-0.064206457956449*U6)-5.43454825424064e-16)/0.9977404048781155) | AH6: -2.8989741 | AI6: 5.1714762 | AJ6: 1.1734916 | AK6: -0.42302438 | AL6: 3.0853209 | AM6: 0.075622309 | AN6: 2.7042133 | AO6: -0.14060479 | AP6: -0.64615901 | AQ6: -0.071626901
A7: =Universe!A7 | B7: =IF(Universe!W7="","",(Universe!W7-$B$2550)/$C$2550) | C7: =IF(Universe!X7="","",(Universe!X7-$B$2551)/$C$2551) | D7: =IF(Universe!Y7="","",(Universe!Y7-$B$2552)/$C$2552) | E7: =IF(Universe!Z7="","",(Universe!Z7-$B$2553)/$C$2553) | F7: =IF(Universe!AA7="","",(Universe!AA7-$B$2554)/$C$2554) | G7: =IF(Universe!AB7="","",(Universe!AB7-$B$2555)/$C$2555) | H7: =IF(Universe!AC7="","",(Universe!AC7-$B$2556)/$C$2556) | I7: =IF(Universe!AD7="","",(Universe!AD7-$B$2557)/$C$2557) | J7: =IF(Universe!AE7="","",(Universe!AE7-$B$2558)/$C$2558) | K7: =IF(Universe!AF7="","",(Universe!AF7-$B$2559)/$C$2559) | L7: =IF(Universe!AG7="","",(Universe!AG7-$B$2560)/$C$2560) | M7: =IF(Universe!AH7="","",(Universe!AH7-$B$2561)/$C$2561) | N7: =IF(Universe!AI7="","",(Universe!AI7-$B$2562)/$C$2562) | O7: =0.74*IF(B7="",0,B7)+0.16*IF(C7="",0,C7)+0.1*IF(D7="",0,D7) | P7: =0.35*IF(E7="",0,E7)+0.35*IF(F7="",0,F7)+0.3*IF(G7="",0,G7) | Q7: =0.656*IF(I7="",0,I7)+0.344*IF(H7="",0,H7) | R7: =0.338*IF(J7="",0,J7)+0.662*IF(K7="",0,K7) | S7: =0.38*IF(L7="",0,L7)+0.35*IF(M7="",0,M7)+0.27*IF(N7="",0,N7) | T7: =IF(Universe!S7="","",((Universe!S7-$B$2565)/$C$2565)^3) | U7: =IF(Universe!S7="","",(Universe!S7-$B$2565)/$C$2565) | V7: =IF(Universe!T7="","",(Universe!T7-$B$2566)/$C$2566) | W7: =IF(Universe!U7="","",(Universe!U7-$B$2567)/$C$2567) | X7: =IF(O7="","",(O7-$B$2571)/$C$2571) | Y7: =IF(T7="","",(T7-$B$2576)/$C$2576) | Z7: =IF(Universe!V7="","",(Universe!V7-$B$2568)/$C$2568) | AA7: =IF(P7="","",(P7-$B$2572)/$C$2572) | AB7: =IF(Q7="","",(Q7-$B$2573)/$C$2573) | AC7: =IF(R7="","",(R7-$B$2574)/$C$2574) | AD7: =IF(S7="","",(S7-$B$2575)/$C$2575) | AE7: =IF(Y7="","",Y7-(19.12044933116382+16.522174187581257*U7)) | AF7: =IF(X7="","",(X7-(-0.27268023098325006+0.47142105304415904*V7+-0.3189264934812436*U7)--5.286111042926227e-16)/0.7994208745952703) | AG7: =IF(AA7="","",(AA7-(0.5248806186338691+-0.064206457956449*U7)-5.43454825424064e-16)/0.9977404048781155) | AH7: -2.0215657 | AI7: 0.91675876 | AJ7: -1.3032104 | AK7: 0.35420322 | AL7: 3.2905131 | AM7: -0.14686939 | AN7: 0.50759231 | AO7: -0.086429258 | AP7: 0.57990975 | AQ7: -0.12657754
A8: =Universe!A8 | B8: =IF(Universe!W8="","",(Universe!W8-$B$2550)/$C$2550) | C8: =IF(Universe!X8="","",(Universe!X8-$B$2551)/$C$2551) | D8: =IF(Universe!Y8="","",(Universe!Y8-$B$2552)/$C$2552) | E8: =IF(Universe!Z8="","",(Universe!Z8-$B$2553)/$C$2553) | F8: =IF(Universe!AA8="","",(Universe!AA8-$B$2554)/$C$2554) | G8: =IF(Universe!AB8="","",(Universe!AB8-$B$2555)/$C$2555) | H8: =IF(Universe!AC8="","",(Universe!AC8-$B$2556)/$C$2556) | I8: =IF(Universe!AD8="","",(Universe!AD8-$B$2557)/$C$2557) | J8: =IF(Universe!AE8="","",(Universe!AE8-$B$2558)/$C$2558) | K8: =IF(Universe!AF8="","",(Universe!AF8-$B$2559)/$C$2559) | L8: =IF(Universe!AG8="","",(Universe!AG8-$B$2560)/$C$2560) | M8: =IF(Universe!AH8="","",(Universe!AH8-$B$2561)/$C$2561) | N8: =IF(Universe!AI8="","",(Universe!AI8-$B$2562)/$C$2562) | O8: =0.74*IF(B8="",0,B8)+0.16*IF(C8="",0,C8)+0.1*IF(D8="",0,D8) | P8: =0.35*IF(E8="",0,E8)+0.35*IF(F8="",0,F8)+0.3*IF(G8="",0,G8) | Q8: =0.656*IF(I8="",0,I8)+0.344*IF(H8="",0,H8) | R8: =0.338*IF(J8="",0,J8)+0.662*IF(K8="",0,K8) | S8: =0.38*IF(L8="",0,L8)+0.35*IF(M8="",0,M8)+0.27*IF(N8="",0,N8) | T8: =IF(Universe!S8="","",((Universe!S8-$B$2565)/$C$2565)^3) | U8: =IF(Universe!S8="","",(Universe!S8-$B$2565)/$C$2565) | V8: =IF(Universe!T8="","",(Universe!T8-$B$2566)/$C$2566) | W8: =IF(Universe!U8="","",(Universe!U8-$B$2567)/$C$2567) | X8: =IF(O8="","",(O8-$B$2571)/$C$2571) | Y8: =IF(T8="","",(T8-$B$2576)/$C$2576) | Z8: =IF(Universe!V8="","",(Universe!V8-$B$2568)/$C$2568) | AA8: =IF(P8="","",(P8-$B$2572)/$C$2572) | AB8: =IF(Q8="","",(Q8-$B$2573)/$C$2573) | AC8: =IF(R8="","",(R8-$B$2574)/$C$2574) | AD8: =IF(S8="","",(S8-$B$2575)/$C$2575) | AE8: =IF(Y8="","",Y8-(19.12044933116382+16.522174187581257*U8)) | AF8: =IF(X8="","",(X8-(-0.27268023098325006+0.47142105304415904*V8+-0.3189264934812436*U8)--5.286111042926227e-16)/0.7994208745952703) | AG8: =IF(AA8="","",(AA8-(0.5248806186338691+-0.064206457956449*U8)-5.43454825424064e-16)/0.9977404048781155) | AH8: -2.4097216 | AI8: -0.19387653 | AJ8: 0.49609545 | AK8: 1.9506642 | AL8: 3.3777249 | AM8: 0.55052396 | AN8: 2.177482 | AO8: 0.019192495 | AP8: -1.6157178 | AQ8: 0.212409
A9: =Universe!A9 | B9: =IF(Universe!W9="","",(Universe!W9-$B$2550)/$C$2550) | C9: =IF(Universe!X9="","",(Universe!X9-$B$2551)/$C$2551) | D9: =IF(Universe!Y9="","",(Universe!Y9-$B$2552)/$C$2552) | E9: =IF(Universe!Z9="","",(Universe!Z9-$B$2553)/$C$2553) | F9: =IF(Universe!AA9="","",(Universe!AA9-$B$2554)/$C$2554) | G9: =IF(Universe!AB9="","",(Universe!AB9-$B$2555)/$C$2555) | H9: =IF(Universe!AC9="","",(Universe!AC9-$B$2556)/$C$2556) | I9: =IF(Universe!AD9="","",(Universe!AD9-$B$2557)/$C$2557) | J9: =IF(Universe!AE9="","",(Universe!AE9-$B$2558)/$C$2558) | K9: =IF(Universe!AF9="","",(Universe!AF9-$B$2559)/$C$2559) | L9: =IF(Universe!AG9="","",(Universe!AG9-$B$2560)/$C$2560) | M9: =IF(Universe!AH9="","",(Universe!AH9-$B$2561)/$C$2561) | N9: =IF(Universe!AI9="","",(Universe!AI9-$B$2562)/$C$2562) | O9: =0.74*IF(B9="",0,B9)+0.16*IF(C9="",0,C9)+0.1*IF(D9="",0,D9) | P9: =0.35*IF(E9="",0,E9)+0.35*IF(F9="",0,F9)+0.3*IF(G9="",0,G9) | Q9: =0.656*IF(I9="",0,I9)+0.344*IF(H9="",0,H9) | R9: =0.338*IF(J9="",0,J9)+0.662*IF(K9="",0,K9) | S9: =0.38*IF(L9="",0,L9)+0.35*IF(M9="",0,M9)+0.27*IF(N9="",0,N9) | T9: =IF(Universe!S9="","",((Universe!S9-$B$2565)/$C$2565)^3) | U9: =IF(Universe!S9="","",(Universe!S9-$B$2565)/$C$2565) | V9: =IF(Universe!T9="","",(Universe!T9-$B$2566)/$C$2566) | W9: =IF(Universe!U9="","",(Universe!U9-$B$2567)/$C$2567) | X9: =IF(O9="","",(O9-$B$2571)/$C$2571) | Y9: =IF(T9="","",(T9-$B$2576)/$C$2576) | Z9: =IF(Universe!V9="","",(Universe!V9-$B$2568)/$C$2568) | AA9: =IF(P9="","",(P9-$B$2572)/$C$2572) | AB9: =IF(Q9="","",(Q9-$B$2573)/$C$2573) | AC9: =IF(R9="","",(R9-$B$2574)/$C$2574) | AD9: =IF(S9="","",(S9-$B$2575)/$C$2575) | AE9: =IF(Y9="","",Y9-(19.12044933116382+16.522174187581257*U9)) | AF9: =IF(X9="","",(X9-(-0.27268023098325006+0.47142105304415904*V9+-0.3189264934812436*U9)--5.286111042926227e-16)/0.7994208745952703) | AG9: =IF(AA9="","",(AA9-(0.5248806186338691+-0.064206457956449*U9)-5.43454825424064e-16)/0.9977404048781155) | AH9: 1.5358508 | AI9: 0.53795757 | AJ9: -0.53589585 | AK9: 0.50966158 | AL9: -2.7049938 | AM9: -0.28586898 | AN9: -1.1479488 | AO9: -0.044660329 | AP9: -0.60691208 | AQ9: 0.077404655
A10: =Universe!A10 | B10: =IF(Universe!W10="","",(Universe!W10-$B$2550)/$C$2550) | C10: =IF(Universe!X10="","",(Universe!X10-$B$2551)/$C$2551) | D10: =IF(Universe!Y10="","",(Universe!Y10-$B$2552)/$C$2552) | E10: =IF(Universe!Z10="","",(Universe!Z10-$B$2553)/$C$2553) | F10: =IF(Universe!AA10="","",(Universe!AA10-$B$2554)/$C$2554) | G10: =IF(Universe!AB10="","",(Universe!AB10-$B$2555)/$C$2555) | H10: =IF(Universe!AC10="","",(Universe!AC10-$B$2556)/$C$2556) | I10: =IF(Universe!AD10="","",(Universe!AD10-$B$2557)/$C$2557) | J10: =IF(Universe!AE10="","",(Universe!AE10-$B$2558)/$C$2558) | K10: =IF(Universe!AF10="","",(Universe!AF10-$B$2559)/$C$2559) | L10: =IF(Universe!AG10="","",(Universe!AG10-$B$2560)/$C$2560) | M10: =IF(Universe!AH10="","",(Universe!AH10-$B$2561)/$C$2561) | N10: =IF(Universe!AI10="","",(Universe!AI10-$B$2562)/$C$2562) | O10: =0.74*IF(B10="",0,B10)+0.16*IF(C10="",0,C10)+0.1*IF(D10="",0,D10) | P10: =0.35*IF(E10="",0,E10)+0.35*IF(F10="",0,F10)+0.3*IF(G10="",0,G10) | Q10: =0.656*IF(I10="",0,I10)+0.344*IF(H10="",0,H10) | R10: =0.338*IF(J10="",0,J10)+0.662*IF(K10="",0,K10) | S10: =0.38*IF(L10="",0,L10)+0.35*IF(M10="",0,M10)+0.27*IF(N10="",0,N10) | T10: =IF(Universe!S10="","",((Universe!S10-$B$2565)/$C$2565)^3) | U10: =IF(Universe!S10="","",(Universe!S10-$B$2565)/$C$2565) | V10: =IF(Universe!T10="","",(Universe!T10-$B$2566)/$C$2566) | W10: =IF(Universe!U10="","",(Universe!U10-$B$2567)/$C$2567) | X10: =IF(O10="","",(O10-$B$2571)/$C$2571) | Y10: =IF(T10="","",(T10-$B$2576)/$C$2576) | Z10: =IF(Universe!V10="","",(Universe!V10-$B$2568)/$C$2568) | AA10: =IF(P10="","",(P10-$B$2572)/$C$2572) | AB10: =IF(Q10="","",(Q10-$B$2573)/$C$2573) | AC10: =IF(R10="","",(R10-$B$2574)/$C$2574) | AD10: =IF(S10="","",(S10-$B$2575)/$C$2575) | AE10: =IF(Y10="","",Y10-(19.12044933116382+16.522174187581257*U10)) | AF10: =IF(X10="","",(X10-(-0.27268023098325006+0.47142105304415904*V10+-0.3189264934812436*U10)--5.286111042926227e-16)/0.7994208745952703) | AG10: =IF(AA10="","",(AA10-(0.5248806186338691+-0.064206457956449*U10)-5.43454825424064e-16)/0.9977404048781155) | AH10: -3.0707192 | AI10: -0.56942693 | AJ10: -0.64041803 | AK10: -0.7441675 | AL10: 2.8610505 | AM10: 1.1467474 | AN10: -0.69054189 | AO10: 0.11368799 | AP10: -0.17142603 | AQ10: 1.0328845
A11: =Universe!A11 | B11: =IF(Universe!W11="","",(Universe!W11-$B$2550)/$C$2550) | C11: =IF(Universe!X11="","",(Universe!X11-$B$2551)/$C$2551) | D11: =IF(Universe!Y11="","",(Universe!Y11-$B$2552)/$C$2552) | E11: =IF(Universe!Z11="","",(Universe!Z11-$B$2553)/$C$2553) | F11: =IF(Universe!AA11="","",(Universe!AA11-$B$2554)/$C$2554) | G11: =IF(Universe!AB11="","",(Universe!AB11-$B$2555)/$C$2555) | H11: =IF(Universe!AC11="","",(Universe!AC11-$B$2556)/$C$2556) | I11: =IF(Universe!AD11="","",(Universe!AD11-$B$2557)/$C$2557) | J11: =IF(Universe!AE11="","",(Universe!AE11-$B$2558)/$C$2558) | K11: =IF(Universe!AF11="","",(Universe!AF11-$B$2559)/$C$2559) | L11: =IF(Universe!AG11="","",(Universe!AG11-$B$2560)/$C$2560) | M11: =IF(Universe!AH11="","",(Universe!AH11-$B$2561)/$C$2561) | N11: =IF(Universe!AI11="","",(Universe!AI11-$B$2562)/$C$2562) | O11: =0.74*IF(B11="",0,B11)+0.16*IF(C11="",0,C11)+0.1*IF(D11="",0,D11) | P11: =0.35*IF(E11="",0,E11)+0.35*IF(F11="",0,F11)+0.3*IF(G11="",0,G11) | Q11: =0.656*IF(I11="",0,I11)+0.344*IF(H11="",0,H11) | R11: =0.338*IF(J11="",0,J11)+0.662*IF(K11="",0,K11) | S11: =0.38*IF(L11="",0,L11)+0.35*IF(M11="",0,M11)+0.27*IF(N11="",0,N11) | T11: =IF(Universe!S11="","",((Universe!S11-$B$2565)/$C$2565)^3) | U11: =IF(Universe!S11="","",(Universe!S11-$B$2565)/$C$2565) | V11: =IF(Universe!T11="","",(Universe!T11-$B$2566)/$C$2566) | W11: =IF(Universe!U11="","",(Universe!U11-$B$2567)/$C$2567) | X11: =IF(O11="","",(O11-$B$2571)/$C$2571) | Y11: =IF(T11="","",(T11-$B$2576)/$C$2576) | Z11: =IF(Universe!V11="","",(Universe!V11-$B$2568)/$C$2568) | AA11: =IF(P11="","",(P11-$B$2572)/$C$2572) | AB11: =IF(Q11="","",(Q11-$B$2573)/$C$2573) | AC11: =IF(R11="","",(R11-$B$2574)/$C$2574) | AD11: =IF(S11="","",(S11-$B$2575)/$C$2575) | AE11: =IF(Y11="","",Y11-(19.12044933116382+16.522174187581257*U11)) | AF11: =IF(X11="","",(X11-(-0.27268023098325006+0.47142105304415904*V11+-0.3189264934812436*U11)--5.286111042926227e-16)/0.7994208745952703) | AG11: =IF(AA11="","",(AA11-(0.5248806186338691+-0.064206457956449*U11)-5.43454825424064e-16)/0.9977404048781155) | AH11: -3.8078648 | AI11: 0.16677302 | AJ11: 0.63736595 | AK11: 2.0781384 | AL11: 1.0608866 | AM11: -0.0011909572 | AN11: 1.7130588 | AO11: -0.37370434 | AP11: 3.6240373 | AQ11: -0.45619777
A12: =Universe!A12 | B12: =IF(Universe!W12="","",(Universe!W12-$B$2550)/$C$2550) | C12: =IF(Universe!X12="","",(Universe!X12-$B$2551)/$C$2551) | D12: =IF(Universe!Y12="","",(Universe!Y12-$B$2552)/$C$2552) | E12: =IF(Universe!Z12="","",(Universe!Z12-$B$2553)/$C$2553) | F12: =IF(Universe!AA12="","",(Universe!AA12-$B$2554)/$C$2554) | G12: =IF(Universe!AB12="","",(Universe!AB12-$B$2555)/$C$2555) | H12: =IF(Universe!AC12="","",(Universe!AC12-$B$2556)/$C$2556) | I12: =IF(Universe!AD12="","",(Universe!AD12-$B$2557)/$C$2557) | J12: =IF(Universe!AE12="","",(Universe!AE12-$B$2558)/$C$2558) | K12: =IF(Universe!AF12="","",(Universe!AF12-$B$2559)/$C$2559) | L12: =IF(Universe!AG12="","",(Universe!AG12-$B$2560)/$C$2560) | M12: =IF(Universe!AH12="","",(Universe!AH12-$B$2561)/$C$2561) | N12: =IF(Universe!AI12="","",(Universe!AI12-$B$2562)/$C$2562) | O12: =0.74*IF(B12="",0,B12)+0.16*IF(C12="",0,C12)+0.1*IF(D12="",0,D12) | P12: =0.35*IF(E12="",0,E12)+0.35*IF(F12="",0,F12)+0.3*IF(G12="",0,G12) | Q12: =0.656*IF(I12="",0,I12)+0.344*IF(H12="",0,H12) | R12: =0.338*IF(J12="",0,J12)+0.662*IF(K12="",0,K12) | S12: =0.38*IF(L12="",0,L12)+0.35*IF(M12="",0,M12)+0.27*IF(N12="",0,N12) | T12: =IF(Universe!S12="","",((Universe!S12-$B$2565)/$C$2565)^3) | U12: =IF(Universe!S12="","",(Universe!S12-$B$2565)/$C$2565) | V12: =IF(Universe!T12="","",(Universe!T12-$B$2566)/$C$2566) | W12: =IF(Universe!U12="","",(Universe!U12-$B$2567)/$C$2567) | X12: =IF(O12="","",(O12-$B$2571)/$C$2571) | Y12: =IF(T12="","",(T12-$B$2576)/$C$2576) | Z12: =IF(Universe!V12="","",(Universe!V12-$B$2568)/$C$2568) | AA12: =IF(P12="","",(P12-$B$2572)/$C$2572) | AB12: =IF(Q12="","",(Q12-$B$2573)/$C$2573) | AC12: =IF(R12="","",(R12-$B$2574)/$C$2574) | AD12: =IF(S12="","",(S12-$B$2575)/$C$2575) | AE12: =IF(Y12="","",Y12-(19.12044933116382+16.522174187581257*U12)) | AF12: =IF(X12="","",(X12-(-0.27268023098325006+0.47142105304415904*V12+-0.3189264934812436*U12)--5.286111042926227e-16)/0.7994208745952703) | AG12: =IF(AA12="","",(AA12-(0.5248806186338691+-0.064206457956449*U12)-5.43454825424064e-16)/0.9977404048781155) | AH12: 0.22135407 | AI12: -1.0830222 | AJ12: -0.3770722 | AK12: 0.66728868 | AL12: -0.38994623 | AM12: -0.31430813 | AN12: -1.5149467 | AO12: -0.052430475 | AP12: -1.101562 | AQ12: 0.49241306
A13: =Universe!A13 | B13: =IF(Universe!W13="","",(Universe!W13-$B$2550)/$C$2550) | C13: =IF(Universe!X13="","",(Universe!X13-$B$2551)/$C$2551) | D13: =IF(Universe!Y13="","",(Universe!Y13-$B$2552)/$C$2552) | E13: =IF(Universe!Z13="","",(Universe!Z13-$B$2553)/$C$2553) | F13: =IF(Universe!AA13="","",(Universe!AA13-$B$2554)/$C$2554) | G13: =IF(Universe!AB13="","",(Universe!AB13-$B$2555)/$C$2555) | H13: =IF(Universe!AC13="","",(Universe!AC13-$B$2556)/$C$2556) | I13: =IF(Universe!AD13="","",(Universe!AD13-$B$2557)/$C$2557) | J13: =IF(Universe!AE13="","",(Universe!AE13-$B$2558)/$C$2558) | K13: =IF(Universe!AF13="","",(Universe!AF13-$B$2559)/$C$2559) | L13: =IF(Universe!AG13="","",(Universe!AG13-$B$2560)/$C$2560) | M13: =IF(Universe!AH13="","",(Universe!AH13-$B$2561)/$C$2561) | N13: =IF(Universe!AI13="","",(Universe!AI13-$B$2562)/$C$2562) | O13: =0.74*IF(B13="",0,B13)+0.16*IF(C13="",0,C13)+0.1*IF(D13="",0,D13) | P13: =0.35*IF(E13="",0,E13)+0.35*IF(F13="",0,F13)+0.3*IF(G13="",0,G13) | Q13: =0.656*IF(I13="",0,I13)+0.344*IF(H13="",0,H13) | R13: =0.338*IF(J13="",0,J13)+0.662*IF(K13="",0,K13) | S13: =0.38*IF(L13="",0,L13)+0.35*IF(M13="",0,M13)+0.27*IF(N13="",0,N13) | T13: =IF(Universe!S13="","",((Universe!S13-$B$2565)/$C$2565)^3) | U13: =IF(Universe!S13="","",(Universe!S13-$B$2565)/$C$2565) | V13: =IF(Universe!T13="","",(Universe!T13-$B$2566)/$C$2566) | W13: =IF(Universe!U13="","",(Universe!U13-$B$2567)/$C$2567) | X13: =IF(O13="","",(O13-$B$2571)/$C$2571) | Y13: =IF(T13="","",(T13-$B$2576)/$C$2576) | Z13: =IF(Universe!V13="","",(Universe!V13-$B$2568)/$C$2568) | AA13: =IF(P13="","",(P13-$B$2572)/$C$2572) | AB13: =IF(Q13="","",(Q13-$B$2573)/$C$2573) | AC13: =IF(R13="","",(R13-$B$2574)/$C$2574) | AD13: =IF(S13="","",(S13-$B$2575)/$C$2575) | AE13: =IF(Y13="","",Y13-(19.12044933116382+16.522174187581257*U13)) | AF13: =IF(X13="","",(X13-(-0.27268023098325006+0.47142105304415904*V13+-0.3189264934812436*U13)--5.286111042926227e-16)/0.7994208745952703) | AG13: =IF(AA13="","",(AA13-(0.5248806186338691+-0.064206457956449*U13)-5.43454825424064e-16)/0.9977404048781155) | AH13: -2.2492479 | AI13: 0.023129324 | AJ13: -0.036369926 | AK13: -0.77098643 | AL13: 3.3728777 | AM13: 0.84999744 | AN13: -0.70471282 | AO13: 0.1001208 | AP13: -0.50449662 | AQ13: -0.56256985
... A284: =Universe!A284 | B284: =IF(Universe!W284="","",(Universe!W284-$B$2550)/$C$2550) | C284: =IF(Universe!X284="","",(Universe!X284-$B$2551)/$C$2551) | D284: =IF(Universe!Y284="","",(Universe!Y284-$B$2552)/$C$2552) | E284: =IF(Universe!Z284="","",(Universe!Z284-$B$2553)/$C$2553) | F284: =IF(Universe!AA284="","",(Universe!AA284-$B$2554)/$C$2554) | G284: =IF(Universe!AB284="","",(Universe!AB284-$B$2555)/$C$2555) | H284: =IF(Universe!AC284="","",(Universe!AC284-$B$2556)/$C$2556) | I284: =IF(Universe!AD284="","",(Universe!AD284-$B$2557)/$C$2557) | J284: =IF(Universe!AE284="","",(Universe!AE284-$B$2558)/$C$2558) | K284: =IF(Universe!AF284="","",(Universe!AF284-$B$2559)/$C$2559) | L284: =IF(Universe!AG284="","",(Universe!AG284-$B$2560)/$C$2560) | M284: =IF(Universe!AH284="","",(Universe!AH284-$B$2561)/$C$2561) | N284: =IF(Universe!AI284="","",(Universe!AI284-$B$2562)/$C$2562) | O284: =0.74*IF(B284="",0,B284)+0.16*IF(C284="",0,C284)+0.1*IF(D284="",0,D284) | P284: =0.35*IF(E284="",0,E284)+0.35*IF(F284="",0,F284)+0.3*IF(G284="",0,G284) | Q284: =0.656*IF(I284="",0,I284)+0.344*IF(H284="",0,H284) | R284: =0.338*IF(J284="",0,J284)+0.662*IF(K284="",0,K284) | S284: =0.38*IF(L284="",0,L284)+0.35*IF(M284="",0,M284)+0.27*IF(N284="",0,N284) | T284: =IF(Universe!S284="","",((Universe!S284-$B$2565)/$C$2565)^3) | U284: =IF(Universe!S284="","",(Universe!S284-$B$2565)/$C$2565) | V284: =IF(Universe!T284="","",(Universe!T284-$B$2566)/$C$2566) | W284: =IF(Universe!U284="","",(Universe!U284-$B$2567)/$C$2567) | X284: =IF(O284="","",(O284-$B$2571)/$C$2571) | Y284: =IF(T284="","",(T284-$B$2576)/$C$2576) | Z284: =IF(Universe!V284="","",(Universe!V284-$B$2568)/$C$2568) | AA284: =IF(P284="","",(P284-$B$2572)/$C$2572) | AB284: =IF(Q284="","",(Q284-$B$2573)/$C$2573) | AC284: =IF(R284="","",(R284-$B$2574)/$C$2574) | AD284: =IF(S284="","",(S284-$B$2575)/$C$2575) | AE284: =IF(Y284="","",Y284-(19.12044933116382+16.522174187581257*U284)) | AF284: =IF(X284="","",(X284-(-0.27268023098325006+0.47142105304415904*V284+-0.3189264934812436*U284)--5.286111042926227e-16)/0.7994208745952703) | AG284: =IF(AA284="","",(AA284-(0.5248806186338691+-0.064206457956449*U284)-5.43454825424064e-16)/0.9977404048781155) | AH284: -1.8515986 | AI284: -0.28545705 | AJ284: 0.82400323 | AK284: 0.3180517 | AL284: 3.1761196 | AM284: -0.58011834 | AN284: 0.55412701 | AO284: -0.28387915 | AP284: 0.98131086 | AQ284: 2.8502489
A285: =Universe!A285 | B285: =IF(Universe!W285="","",(Universe!W285-$B$2550)/$C$2550) | C285: =IF(Universe!X285="","",(Universe!X285-$B$2551)/$C$2551) | D285: =IF(Universe!Y285="","",(Universe!Y285-$B$2552)/$C$2552) | E285: =IF(Universe!Z285="","",(Universe!Z285-$B$2553)/$C$2553) | F285: =IF(Universe!AA285="","",(Universe!AA285-$B$2554)/$C$2554) | G285: =IF(Universe!AB285="","",(Universe!AB285-$B$2555)/$C$2555) | H285: =IF(Universe!AC285="","",(Universe!AC285-$B$2556)/$C$2556) | I285: =IF(Universe!AD285="","",(Universe!AD285-$B$2557)/$C$2557) | J285: =IF(Universe!AE285="","",(Universe!AE285-$B$2558)/$C$2558) | K285: =IF(Universe!AF285="","",(Universe!AF285-$B$2559)/$C$2559) | L285: =IF(Universe!AG285="","",(Universe!AG285-$B$2560)/$C$2560) | M285: =IF(Universe!AH285="","",(Universe!AH285-$B$2561)/$C$2561) | N285: =IF(Universe!AI285="","",(Universe!AI285-$B$2562)/$C$2562) | O285: =0.74*IF(B285="",0,B285)+0.16*IF(C285="",0,C285)+0.1*IF(D285="",0,D285) | P285: =0.35*IF(E285="",0,E285)+0.35*IF(F285="",0,F285)+0.3*IF(G285="",0,G285) | Q285: =0.656*IF(I285="",0,I285)+0.344*IF(H285="",0,H285) | R285: =0.338*IF(J285="",0,J285)+0.662*IF(K285="",0,K285) | S285: =0.38*IF(L285="",0,L285)+0.35*IF(M285="",0,M285)+0.27*IF(N285="",0,N285) | T285: =IF(Universe!S285="","",((Universe!S285-$B$2565)/$C$2565)^3) | U285: =IF(Universe!S285="","",(Universe!S285-$B$2565)/$C$2565) | V285: =IF(Universe!T285="","",(Universe!T285-$B$2566)/$C$2566) | W285: =IF(Universe!U285="","",(Universe!U285-$B$2567)/$C$2567) | X285: =IF(O285="","",(O285-$B$2571)/$C$2571) | Y285: =IF(T285="","",(T285-$B$2576)/$C$2576) | Z285: =IF(Universe!V285="","",(Universe!V285-$B$2568)/$C$2568) | AA285: =IF(P285="","",(P285-$B$2572)/$C$2572) | AB285: =IF(Q285="","",(Q285-$B$2573)/$C$2573) | AC285: =IF(R285="","",(R285-$B$2574)/$C$2574) | AD285: =IF(S285="","",(S285-$B$2575)/$C$2575) | AE285: =IF(Y285="","",Y285-(19.12044933116382+16.522174187581257*U285)) | AF285: =IF(X285="","",(X285-(-0.27268023098325006+0.47142105304415904*V285+-0.3189264934812436*U285)--5.286111042926227e-16)/0.7994208745952703) | AG285: =IF(AA285="","",(AA285-(0.5248806186338691+-0.064206457956449*U285)-5.43454825424064e-16)/0.9977404048781155) | AH285: -3.3955142 | AI285: -0.58203263 | AK285: 1.2403153 | AL285: 2.2438106 | AM285: 0.33955032 | AN285: 0.060642482 | AO285: -0.33853094 | AP285: 4.2832369 | AQ285: -0.59890011
A286: =Universe!A286 | B286: =IF(Universe!W286="","",(Universe!W286-$B$2550)/$C$2550) | C286: =IF(Universe!X286="","",(Universe!X286-$B$2551)/$C$2551) | D286: =IF(Universe!Y286="","",(Universe!Y286-$B$2552)/$C$2552) | E286: =IF(Universe!Z286="","",(Universe!Z286-$B$2553)/$C$2553) | F286: =IF(Universe!AA286="","",(Universe!AA286-$B$2554)/$C$2554) | G286: =IF(Universe!AB286="","",(Universe!AB286-$B$2555)/$C$2555) | H286: =IF(Universe!AC286="","",(Universe!AC286-$B$2556)/$C$2556) | I286: =IF(Universe!AD286="","",(Universe!AD286-$B$2557)/$C$2557) | J286: =IF(Universe!AE286="","",(Universe!AE286-$B$2558)/$C$2558) | K286: =IF(Universe!AF286="","",(Universe!AF286-$B$2559)/$C$2559) | L286: =IF(Universe!AG286="","",(Universe!AG286-$B$2560)/$C$2560) | M286: =IF(Universe!AH286="","",(Universe!AH286-$B$2561)/$C$2561) | N286: =IF(Universe!AI286="","",(Universe!AI286-$B$2562)/$C$2562) | O286: =0.74*IF(B286="",0,B286)+0.16*IF(C286="",0,C286)+0.1*IF(D286="",0,D286) | P286: =0.35*IF(E286="",0,E286)+0.35*IF(F286="",0,F286)+0.3*IF(G286="",0,G286) | Q286: =0.656*IF(I286="",0,I286)+0.344*IF(H286="",0,H286) | R286: =0.338*IF(J286="",0,J286)+0.662*IF(K286="",0,K286) | S286: =0.38*IF(L286="",0,L286)+0.35*IF(M286="",0,M286)+0.27*IF(N286="",0,N286) | T286: =IF(Universe!S286="","",((Universe!S286-$B$2565)/$C$2565)^3) | U286: =IF(Universe!S286="","",(Universe!S286-$B$2565)/$C$2565) | V286: =IF(Universe!T286="","",(Universe!T286-$B$2566)/$C$2566) | W286: =IF(Universe!U286="","",(Universe!U286-$B$2567)/$C$2567) | X286: =IF(O286="","",(O286-$B$2571)/$C$2571) | Y286: =IF(T286="","",(T286-$B$2576)/$C$2576) | Z286: =IF(Universe!V286="","",(Universe!V286-$B$2568)/$C$2568) | AA286: =IF(P286="","",(P286-$B$2572)/$C$2572) | AB286: =IF(Q286="","",(Q286-$B$2573)/$C$2573) | AC286: =IF(R286="","",(R286-$B$2574)/$C$2574) | AD286: =IF(S286="","",(S286-$B$2575)/$C$2575) | AE286: =IF(Y286="","",Y286-(19.12044933116382+16.522174187581257*U286)) | AF286: =IF(X286="","",(X286-(-0.27268023098325006+0.47142105304415904*V286+-0.3189264934812436*U286)--5.286111042926227e-16)/0.7994208745952703) | AG286: =IF(AA286="","",(AA286-(0.5248806186338691+-0.064206457956449*U286)-5.43454825424064e-16)/0.9977404048781155) | AH286: -3.045713 | AI286: -0.81054808 | AJ286: -0.017969616 | AK286: -0.8796895 | AL286: 2.8979342 | AM286: -0.046882669 | AN286: -0.81631764 | AO286: 0.036331851 | AP286: -0.25063761 | AQ286: -0.56043162
A287: =Universe!A287 | B287: =IF(Universe!W287="","",(Universe!W287-$B$2550)/$C$2550) | C287: =IF(Universe!X287="","",(Universe!X287-$B$2551)/$C$2551) | D287: =IF(Universe!Y287="","",(Universe!Y287-$B$2552)/$C$2552) | E287: =IF(Universe!Z287="","",(Universe!Z287-$B$2553)/$C$2553) | F287: =IF(Universe!AA287="","",(Universe!AA287-$B$2554)/$C$2554) | G287: =IF(Universe!AB287="","",(Universe!AB287-$B$2555)/$C$2555) | H287: =IF(Universe!AC287="","",(Universe!AC287-$B$2556)/$C$2556) | I287: =IF(Universe!AD287="","",(Universe!AD287-$B$2557)/$C$2557) | J287: =IF(Universe!AE287="","",(Universe!AE287-$B$2558)/$C$2558) | K287: =IF(Universe!AF287="","",(Universe!AF287-$B$2559)/$C$2559) | L287: =IF(Universe!AG287="","",(Universe!AG287-$B$2560)/$C$2560) | M287: =IF(Universe!AH287="","",(Universe!AH287-$B$2561)/$C$2561) | N287: =IF(Universe!AI287="","",(Universe!AI287-$B$2562)/$C$2562) | O287: =0.74*IF(B287="",0,B287)+0.16*IF(C287="",0,C287)+0.1*IF(D287="",0,D287) | P287: =0.35*IF(E287="",0,E287)+0.35*IF(F287="",0,F287)+0.3*IF(G287="",0,G287) | Q287: =0.656*IF(I287="",0,I287)+0.344*IF(H287="",0,H287) | R287: =0.338*IF(J287="",0,J287)+0.662*IF(K287="",0,K287) | S287: =0.38*IF(L287="",0,L287)+0.35*IF(M287="",0,M287)+0.27*IF(N287="",0,N287) | T287: =IF(Universe!S287="","",((Universe!S287-$B$2565)/$C$2565)^3) | U287: =IF(Universe!S287="","",(Universe!S287-$B$2565)/$C$2565) | V287: =IF(Universe!T287="","",(Universe!T287-$B$2566)/$C$2566) | W287: =IF(Universe!U287="","",(Universe!U287-$B$2567)/$C$2567) | X287: =IF(O287="","",(O287-$B$2571)/$C$2571) | Y287: =IF(T287="","",(T287-$B$2576)/$C$2576) | Z287: =IF(Universe!V287="","",(Universe!V287-$B$2568)/$C$2568) | AA287: =IF(P287="","",(P287-$B$2572)/$C$2572) | AB287: =IF(Q287="","",(Q287-$B$2573)/$C$2573) | AC287: =IF(R287="","",(R287-$B$2574)/$C$2574) | AD287: =IF(S287="","",(S287-$B$2575)/$C$2575) | AE287: =IF(Y287="","",Y287-(19.12044933116382+16.522174187581257*U287)) | AF287: =IF(X287="","",(X287-(-0.27268023098325006+0.47142105304415904*V287+-0.3189264934812436*U287)--5.286111042926227e-16)/0.7994208745952703) | AG287: =IF(AA287="","",(AA287-(0.5248806186338691+-0.064206457956449*U287)-5.43454825424064e-16)/0.9977404048781155) | AH287: -2.7188808 | AI287: -0.28491426 | AJ287: -0.42446692 | AK287: -0.85813214 | AL287: 3.2501014 | AM287: 0.5270406 | AN287: -1.0129816 | AO287: -0.014447358 | AP287: -0.61008224 | AQ287: -0.22093202
A288: =Universe!A288 | B288: =IF(Universe!W288="","",(Universe!W288-$B$2550)/$C$2550) | C288: =IF(Universe!X288="","",(Universe!X288-$B$2551)/$C$2551) | D288: =IF(Universe!Y288="","",(Universe!Y288-$B$2552)/$C$2552) | E288: =IF(Universe!Z288="","",(Universe!Z288-$B$2553)/$C$2553) | F288: =IF(Universe!AA288="","",(Universe!AA288-$B$2554)/$C$2554) | G288: =IF(Universe!AB288="","",(Universe!AB288-$B$2555)/$C$2555) | H288: =IF(Universe!AC288="","",(Universe!AC288-$B$2556)/$C$2556) | I288: =IF(Universe!AD288="","",(Universe!AD288-$B$2557)/$C$2557) | J288: =IF(Universe!AE288="","",(Universe!AE288-$B$2558)/$C$2558) | K288: =IF(Universe!AF288="","",(Universe!AF288-$B$2559)/$C$2559) | L288: =IF(Universe!AG288="","",(Universe!AG288-$B$2560)/$C$2560) | M288: =IF(Universe!AH288="","",(Universe!AH288-$B$2561)/$C$2561) | N288: =IF(Universe!AI288="","",(Universe!AI288-$B$2562)/$C$2562) | O288: =0.74*IF(B288="",0,B288)+0.16*IF(C288="",0,C288)+0.1*IF(D288="",0,D288) | P288: =0.35*IF(E288="",0,E288)+0.35*IF(F288="",0,F288)+0.3*IF(G288="",0,G288) | Q288: =0.656*IF(I288="",0,I288)+0.344*IF(H288="",0,H288) | R288: =0.338*IF(J288="",0,J288)+0.662*IF(K288="",0,K288) | S288: =0.38*IF(L288="",0,L288)+0.35*IF(M288="",0,M288)+0.27*IF(N288="",0,N288) | T288: =IF(Universe!S288="","",((Universe!S288-$B$2565)/$C$2565)^3) | U288: =IF(Universe!S288="","",(Universe!S288-$B$2565)/$C$2565) | V288: =IF(Universe!T288="","",(Universe!T288-$B$2566)/$C$2566) | W288: =IF(Universe!U288="","",(Universe!U288-$B$2567)/$C$2567) | X288: =IF(O288="","",(O288-$B$2571)/$C$2571) | Y288: =IF(T288="","",(T288-$B$2576)/$C$2576) | Z288: =IF(Universe!V288="","",(Universe!V288-$B$2568)/$C$2568) | AA288: =IF(P288="","",(P288-$B$2572)/$C$2572) | AB288: =IF(Q288="","",(Q288-$B$2573)/$C$2573) | AC288: =IF(R288="","",(R288-$B$2574)/$C$2574) | AD288: =IF(S288="","",(S288-$B$2575)/$C$2575) | AE288: =IF(Y288="","",Y288-(19.12044933116382+16.522174187581257*U288)) | AF288: =IF(X288="","",(X288-(-0.27268023098325006+0.47142105304415904*V288+-0.3189264934812436*U288)--5.286111042926227e-16)/0.7994208745952703) | AG288: =IF(AA288="","",(AA288-(0.5248806186338691+-0.064206457956449*U288)-5.43454825424064e-16)/0.9977404048781155) | AH288: -2.7322926 | AI288: 0.26812411 | AJ288: 0.081094737 | AK288: -0.78690068 | AL288: 3.2402166 | AM288: -0.42263151 | AN288: -3.114807 | AO288: -0.098424394 | AP288: -0.75548872 | AQ288: 1.4848489
A289: =Universe!A289 | B289: =IF(Universe!W289="","",(Universe!W289-$B$2550)/$C$2550) | C289: =IF(Universe!X289="","",(Universe!X289-$B$2551)/$C$2551) | D289: =IF(Universe!Y289="","",(Universe!Y289-$B$2552)/$C$2552) | E289: =IF(Universe!Z289="","",(Universe!Z289-$B$2553)/$C$2553) | F289: =IF(Universe!AA289="","",(Universe!AA289-$B$2554)/$C$2554) | G289: =IF(Universe!AB289="","",(Universe!AB289-$B$2555)/$C$2555) | H289: =IF(Universe!AC289="","",(Universe!AC289-$B$2556)/$C$2556) | I289: =IF(Universe!AD289="","",(Universe!AD289-$B$2557)/$C$2557) | J289: =IF(Universe!AE289="","",(Universe!AE289-$B$2558)/$C$2558) | K289: =IF(Universe!AF289="","",(Universe!AF289-$B$2559)/$C$2559) | L289: =IF(Universe!AG289="","",(Universe!AG289-$B$2560)/$C$2560) | M289: =IF(Universe!AH289="","",(Universe!AH289-$B$2561)/$C$2561) | N289: =IF(Universe!AI289="","",(Universe!AI289-$B$2562)/$C$2562) | O289: =0.74*IF(B289="",0,B289)+0.16*IF(C289="",0,C289)+0.1*IF(D289="",0,D289) | P289: =0.35*IF(E289="",0,E289)+0.35*IF(F289="",0,F289)+0.3*IF(G289="",0,G289) | Q289: =0.656*IF(I289="",0,I289)+0.344*IF(H289="",0,H289) | R289: =0.338*IF(J289="",0,J289)+0.662*IF(K289="",0,K289) | S289: =0.38*IF(L289="",0,L289)+0.35*IF(M289="",0,M289)+0.27*IF(N289="",0,N289) | T289: =IF(Universe!S289="","",((Universe!S289-$B$2565)/$C$2565)^3) | U289: =IF(Universe!S289="","",(Universe!S289-$B$2565)/$C$2565) | V289: =IF(Universe!T289="","",(Universe!T289-$B$2566)/$C$2566) | W289: =IF(Universe!U289="","",(Universe!U289-$B$2567)/$C$2567) | X289: =IF(O289="","",(O289-$B$2571)/$C$2571) | Y289: =IF(T289="","",(T289-$B$2576)/$C$2576) | Z289: =IF(Universe!V289="","",(Universe!V289-$B$2568)/$C$2568) | AA289: =IF(P289="","",(P289-$B$2572)/$C$2572) | AB289: =IF(Q289="","",(Q289-$B$2573)/$C$2573) | AC289: =IF(R289="","",(R289-$B$2574)/$C$2574) | AD289: =IF(S289="","",(S289-$B$2575)/$C$2575) | AE289: =IF(Y289="","",Y289-(19.12044933116382+16.522174187581257*U289)) | AF289: =IF(X289="","",(X289-(-0.27268023098325006+0.47142105304415904*V289+-0.3189264934812436*U289)--5.286111042926227e-16)/0.7994208745952703) | AG289: =IF(AA289="","",(AA289-(0.5248806186338691+-0.064206457956449*U289)-5.43454825424064e-16)/0.9977404048781155) | AH289: -3.3418403 | AI289: 0.95481133 | AJ289: 0.8913916 | AK289: -0.52844884 | AL289: 2.3640613 | AM289: -0.0069764617 | AN289: 0.76164627 | AO289: 0.073229037 | AP289: -0.30089183 | AQ289: 0.095065088
A290: =Universe!A290 | B290: =IF(Universe!W290="","",(Universe!W290-$B$2550)/$C$2550) | C290: =IF(Universe!X290="","",(Universe!X290-$B$2551)/$C$2551) | D290: =IF(Universe!Y290="","",(Universe!Y290-$B$2552)/$C$2552) | E290: =IF(Universe!Z290="","",(Universe!Z290-$B$2553)/$C$2553) | F290: =IF(Universe!AA290="","",(Universe!AA290-$B$2554)/$C$2554) | G290: =IF(Universe!AB290="","",(Universe!AB290-$B$2555)/$C$2555) | H290: =IF(Universe!AC290="","",(Universe!AC290-$B$2556)/$C$2556) | I290: =IF(Universe!AD290="","",(Universe!AD290-$B$2557)/$C$2557) | J290: =IF(Universe!AE290="","",(Universe!AE290-$B$2558)/$C$2558) | K290: =IF(Universe!AF290="","",(Universe!AF290-$B$2559)/$C$2559) | L290: =IF(Universe!AG290="","",(Universe!AG290-$B$2560)/$C$2560) | M290: =IF(Universe!AH290="","",(Universe!AH290-$B$2561)/$C$2561) | N290: =IF(Universe!AI290="","",(Universe!AI290-$B$2562)/$C$2562) | O290: =0.74*IF(B290="",0,B290)+0.16*IF(C290="",0,C290)+0.1*IF(D290="",0,D290) | P290: =0.35*IF(E290="",0,E290)+0.35*IF(F290="",0,F290)+0.3*IF(G290="",0,G290) | Q290: =0.656*IF(I290="",0,I290)+0.344*IF(H290="",0,H290) | R290: =0.338*IF(J290="",0,J290)+0.662*IF(K290="",0,K290) | S290: =0.38*IF(L290="",0,L290)+0.35*IF(M290="",0,M290)+0.27*IF(N290="",0,N290) | T290: =IF(Universe!S290="","",((Universe!S290-$B$2565)/$C$2565)^3) | U290: =IF(Universe!S290="","",(Universe!S290-$B$2565)/$C$2565) | V290: =IF(Universe!T290="","",(Universe!T290-$B$2566)/$C$2566) | W290: =IF(Universe!U290="","",(Universe!U290-$B$2567)/$C$2567) | X290: =IF(O290="","",(O290-$B$2571)/$C$2571) | Y290: =IF(T290="","",(T290-$B$2576)/$C$2576) | Z290: =IF(Universe!V290="","",(Universe!V290-$B$2568)/$C$2568) | AA290: =IF(P290="","",(P290-$B$2572)/$C$2572) | AB290: =IF(Q290="","",(Q290-$B$2573)/$C$2573) | AC290: =IF(R290="","",(R290-$B$2574)/$C$2574) | AD290: =IF(S290="","",(S290-$B$2575)/$C$2575) | AE290: =IF(Y290="","",Y290-(19.12044933116382+16.522174187581257*U290)) | AF290: =IF(X290="","",(X290-(-0.27268023098325006+0.47142105304415904*V290+-0.3189264934812436*U290)--5.286111042926227e-16)/0.7994208745952703) | AG290: =IF(AA290="","",(AA290-(0.5248806186338691+-0.064206457956449*U290)-5.43454825424064e-16)/0.9977404048781155) | AH290: -2.1316023 | AI290: 1.0349051 | AJ290: -0.86646624 | AK290: -0.52667143 | AL290: 3.3409162 | AM290: -0.68851438 | AN290: 1.2876091 | AO290: 0.051473598 | AP290: -0.75213061 | AQ290: 1.6518025
A291: =Universe!A291 | B291: =IF(Universe!W291="","",(Universe!W291-$B$2550)/$C$2550) | C291: =IF(Universe!X291="","",(Universe!X291-$B$2551)/$C$2551) | D291: =IF(Universe!Y291="","",(Universe!Y291-$B$2552)/$C$2552) | E291: =IF(Universe!Z291="","",(Universe!Z291-$B$2553)/$C$2553) | F291: =IF(Universe!AA291="","",(Universe!AA291-$B$2554)/$C$2554) | G291: =IF(Universe!AB291="","",(Universe!AB291-$B$2555)/$C$2555) | H291: =IF(Universe!AC291="","",(Universe!AC291-$B$2556)/$C$2556) | I291: =IF(Universe!AD291="","",(Universe!AD291-$B$2557)/$C$2557) | J291: =IF(Universe!AE291="","",(Universe!AE291-$B$2558)/$C$2558) | K291: =IF(Universe!AF291="","",(Universe!AF291-$B$2559)/$C$2559) | L291: =IF(Universe!AG291="","",(Universe!AG291-$B$2560)/$C$2560) | M291: =IF(Universe!AH291="","",(Universe!AH291-$B$2561)/$C$2561) | N291: =IF(Universe!AI291="","",(Universe!AI291-$B$2562)/$C$2562) | O291: =0.74*IF(B291="",0,B291)+0.16*IF(C291="",0,C291)+0.1*IF(D291="",0,D291) | P291: =0.35*IF(E291="",0,E291)+0.35*IF(F291="",0,F291)+0.3*IF(G291="",0,G291) | Q291: =0.656*IF(I291="",0,I291)+0.344*IF(H291="",0,H291) | R291: =0.338*IF(J291="",0,J291)+0.662*IF(K291="",0,K291) | S291: =0.38*IF(L291="",0,L291)+0.35*IF(M291="",0,M291)+0.27*IF(N291="",0,N291) | T291: =IF(Universe!S291="","",((Universe!S291-$B$2565)/$C$2565)^3) | U291: =IF(Universe!S291="","",(Universe!S291-$B$2565)/$C$2565) | V291: =IF(Universe!T291="","",(Universe!T291-$B$2566)/$C$2566) | W291: =IF(Universe!U291="","",(Universe!U291-$B$2567)/$C$2567) | X291: =IF(O291="","",(O291-$B$2571)/$C$2571) | Y291: =IF(T291="","",(T291-$B$2576)/$C$2576) | Z291: =IF(Universe!V291="","",(Universe!V291-$B$2568)/$C$2568) | AA291: =IF(P291="","",(P291-$B$2572)/$C$2572) | AB291: =IF(Q291="","",(Q291-$B$2573)/$C$2573) | AC291: =IF(R291="","",(R291-$B$2574)/$C$2574) | AD291: =IF(S291="","",(S291-$B$2575)/$C$2575) | AE291: =IF(Y291="","",Y291-(19.12044933116382+16.522174187581257*U291)) | AF291: =IF(X291="","",(X291-(-0.27268023098325006+0.47142105304415904*V291+-0.3189264934812436*U291)--5.286111042926227e-16)/0.7994208745952703) | AG291: =IF(AA291="","",(AA291-(0.5248806186338691+-0.064206457956449*U291)-5.43454825424064e-16)/0.9977404048781155) | AH291: -1.6031648 | AI291: 0.86315764 | AJ291: -0.85985688 | AK291: -0.49020382 | AL291: 2.9361339 | AM291: -0.050283421 | AN291: 0.70652377 | AO291: 0.088382269 | AP291: -1.1008005 | AQ291: -0.059066355
A292: =Universe!A292 | B292: =IF(Universe!W292="","",(Universe!W292-$B$2550)/$C$2550) | C292: =IF(Universe!X292="","",(Universe!X292-$B$2551)/$C$2551) | D292: =IF(Universe!Y292="","",(Universe!Y292-$B$2552)/$C$2552) | E292: =IF(Universe!Z292="","",(Universe!Z292-$B$2553)/$C$2553) | F292: =IF(Universe!AA292="","",(Universe!AA292-$B$2554)/$C$2554) | G292: =IF(Universe!AB292="","",(Universe!AB292-$B$2555)/$C$2555) | H292: =IF(Universe!AC292="","",(Universe!AC292-$B$2556)/$C$2556) | I292: =IF(Universe!AD292="","",(Universe!AD292-$B$2557)/$C$2557) | J292: =IF(Universe!AE292="","",(Universe!AE292-$B$2558)/$C$2558) | K292: =IF(Universe!AF292="","",(Universe!AF292-$B$2559)/$C$2559) | L292: =IF(Universe!AG292="","",(Universe!AG292-$B$2560)/$C$2560) | M292: =IF(Universe!AH292="","",(Universe!AH292-$B$2561)/$C$2561) | N292: =IF(Universe!AI292="","",(Universe!AI292-$B$2562)/$C$2562) | O292: =0.74*IF(B292="",0,B292)+0.16*IF(C292="",0,C292)+0.1*IF(D292="",0,D292) | P292: =0.35*IF(E292="",0,E292)+0.35*IF(F292="",0,F292)+0.3*IF(G292="",0,G292) | Q292: =0.656*IF(I292="",0,I292)+0.344*IF(H292="",0,H292) | R292: =0.338*IF(J292="",0,J292)+0.662*IF(K292="",0,K292) | S292: =0.38*IF(L292="",0,L292)+0.35*IF(M292="",0,M292)+0.27*IF(N292="",0,N292) | T292: =IF(Universe!S292="","",((Universe!S292-$B$2565)/$C$2565)^3) | U292: =IF(Universe!S292="","",(Universe!S292-$B$2565)/$C$2565) | V292: =IF(Universe!T292="","",(Universe!T292-$B$2566)/$C$2566) | W292: =IF(Universe!U292="","",(Universe!U292-$B$2567)/$C$2567) | X292: =IF(O292="","",(O292-$B$2571)/$C$2571) | Y292: =IF(T292="","",(T292-$B$2576)/$C$2576) | Z292: =IF(Universe!V292="","",(Universe!V292-$B$2568)/$C$2568) | AA292: =IF(P292="","",(P292-$B$2572)/$C$2572) | AB292: =IF(Q292="","",(Q292-$B$2573)/$C$2573) | AC292: =IF(R292="","",(R292-$B$2574)/$C$2574) | AD292: =IF(S292="","",(S292-$B$2575)/$C$2575) | AE292: =IF(Y292="","",Y292-(19.12044933116382+16.522174187581257*U292)) | AF292: =IF(X292="","",(X292-(-0.27268023098325006+0.47142105304415904*V292+-0.3189264934812436*U292)--5.286111042926227e-16)/0.7994208745952703) | AG292: =IF(AA292="","",(AA292-(0.5248806186338691+-0.064206457956449*U292)-5.43454825424064e-16)/0.9977404048781155) | AH292: -2.3390585 | AI292: 1.1012244 | AJ292: -0.95898967 | AK292: -0.59010253 | AL292: 3.3812689 | AM292: 0.34751637 | AN292: 0.49609728 | AO292: 0.12526764 | AP292: -1.0219974 | AQ292: 0.41842575
A293: =Universe!A293 | B293: =IF(Universe!W293="","",(Universe!W293-$B$2550)/$C$2550) | C293: =IF(Universe!X293="","",(Universe!X293-$B$2551)/$C$2551) | D293: =IF(Universe!Y293="","",(Universe!Y293-$B$2552)/$C$2552) | E293: =IF(Universe!Z293="","",(Universe!Z293-$B$2553)/$C$2553) | F293: =IF(Universe!AA293="","",(Universe!AA293-$B$2554)/$C$2554) | G293: =IF(Universe!AB293="","",(Universe!AB293-$B$2555)/$C$2555) | H293: =IF(Universe!AC293="","",(Universe!AC293-$B$2556)/$C$2556) | I293: =IF(Universe!AD293="","",(Universe!AD293-$B$2557)/$C$2557) | J293: =IF(Universe!AE293="","",(Universe!AE293-$B$2558)/$C$2558) | K293: =IF(Universe!AF293="","",(Universe!AF293-$B$2559)/$C$2559) | L293: =IF(Universe!AG293="","",(Universe!AG293-$B$2560)/$C$2560) | M293: =IF(Universe!AH293="","",(Universe!AH293-$B$2561)/$C$2561) | N293: =IF(Universe!AI293="","",(Universe!AI293-$B$2562)/$C$2562) | O293: =0.74*IF(B293="",0,B293)+0.16*IF(C293="",0,C293)+0.1*IF(D293="",0,D293) | P293: =0.35*IF(E293="",0,E293)+0.35*IF(F293="",0,F293)+0.3*IF(G293="",0,G293) | Q293: =0.656*IF(I293="",0,I293)+0.344*IF(H293="",0,H293) | R293: =0.338*IF(J293="",0,J293)+0.662*IF(K293="",0,K293) | S293: =0.38*IF(L293="",0,L293)+0.35*IF(M293="",0,M293)+0.27*IF(N293="",0,N293) | T293: =IF(Universe!S293="","",((Universe!S293-$B$2565)/$C$2565)^3) | U293: =IF(Universe!S293="","",(Universe!S293-$B$2565)/$C$2565) | V293: =IF(Universe!T293="","",(Universe!T293-$B$2566)/$C$2566) | W293: =IF(Universe!U293="","",(Universe!U293-$B$2567)/$C$2567) | X293: =IF(O293="","",(O293-$B$2571)/$C$2571) | Y293: =IF(T293="","",(T293-$B$2576)/$C$2576) | Z293: =IF(Universe!V293="","",(Universe!V293-$B$2568)/$C$2568) | AA293: =IF(P293="","",(P293-$B$2572)/$C$2572) | AB293: =IF(Q293="","",(Q293-$B$2573)/$C$2573) | AC293: =IF(R293="","",(R293-$B$2574)/$C$2574) | AD293: =IF(S293="","",(S293-$B$2575)/$C$2575) | AE293: =IF(Y293="","",Y293-(19.12044933116382+16.522174187581257*U293)) | AF293: =IF(X293="","",(X293-(-0.27268023098325006+0.47142105304415904*V293+-0.3189264934812436*U293)--5.286111042926227e-16)/0.7994208745952703) | AG293: =IF(AA293="","",(AA293-(0.5248806186338691+-0.064206457956449*U293)-5.43454825424064e-16)/0.9977404048781155) | AH293: -3.5345449 | AI293: -0.17079718 | AJ293: -0.24288192 | AK293: -1.1683184 | AL293: 1.8971397 | AM293: 1.1951551 | AN293: -1.5424014 | AO293: 0.14558311 | AP293: -0.0026055702 | AQ293: -0.56974574
A294: =Universe!A294 | B294: =IF(Universe!W294="","",(Universe!W294-$B$2550)/$C$2550) | C294: =IF(Universe!X294="","",(Universe!X294-$B$2551)/$C$2551) | D294: =IF(Universe!Y294="","",(Universe!Y294-$B$2552)/$C$2552) | E294: =IF(Universe!Z294="","",(Universe!Z294-$B$2553)/$C$2553) | F294: =IF(Universe!AA294="","",(Universe!AA294-$B$2554)/$C$2554) | G294: =IF(Universe!AB294="","",(Universe!AB294-$B$2555)/$C$2555) | H294: =IF(Universe!AC294="","",(Universe!AC294-$B$2556)/$C$2556) | I294: =IF(Universe!AD294="","",(Universe!AD294-$B$2557)/$C$2557) | J294: =IF(Universe!AE294="","",(Universe!AE294-$B$2558)/$C$2558) | K294: =IF(Universe!AF294="","",(Universe!AF294-$B$2559)/$C$2559) | L294: =IF(Universe!AG294="","",(Universe!AG294-$B$2560)/$C$2560) | M294: =IF(Universe!AH294="","",(Universe!AH294-$B$2561)/$C$2561) | N294: =IF(Universe!AI294="","",(Universe!AI294-$B$2562)/$C$2562) | O294: =0.74*IF(B294="",0,B294)+0.16*IF(C294="",0,C294)+0.1*IF(D294="",0,D294) | P294: =0.35*IF(E294="",0,E294)+0.35*IF(F294="",0,F294)+0.3*IF(G294="",0,G294) | Q294: =0.656*IF(I294="",0,I294)+0.344*IF(H294="",0,H294) | R294: =0.338*IF(J294="",0,J294)+0.662*IF(K294="",0,K294) | S294: =0.38*IF(L294="",0,L294)+0.35*IF(M294="",0,M294)+0.27*IF(N294="",0,N294) | T294: =IF(Universe!S294="","",((Universe!S294-$B$2565)/$C$2565)^3) | U294: =IF(Universe!S294="","",(Universe!S294-$B$2565)/$C$2565) | V294: =IF(Universe!T294="","",(Universe!T294-$B$2566)/$C$2566) | W294: =IF(Universe!U294="","",(Universe!U294-$B$2567)/$C$2567) | X294: =IF(O294="","",(O294-$B$2571)/$C$2571) | Y294: =IF(T294="","",(T294-$B$2576)/$C$2576) | Z294: =IF(Universe!V294="","",(Universe!V294-$B$2568)/$C$2568) | AA294: =IF(P294="","",(P294-$B$2572)/$C$2572) | AB294: =IF(Q294="","",(Q294-$B$2573)/$C$2573) | AC294: =IF(R294="","",(R294-$B$2574)/$C$2574) | AD294: =IF(S294="","",(S294-$B$2575)/$C$2575) | AE294: =IF(Y294="","",Y294-(19.12044933116382+16.522174187581257*U294)) | AF294: =IF(X294="","",(X294-(-0.27268023098325006+0.47142105304415904*V294+-0.3189264934812436*U294)--5.286111042926227e-16)/0.7994208745952703) | AG294: =IF(AA294="","",(AA294-(0.5248806186338691+-0.064206457956449*U294)-5.43454825424064e-16)/0.9977404048781155) | AH294: -3.4351141 | AI294: 1.4656743 | AJ294: -2.6649091 | AK294: 0.91965476 | AL294: 2.1502869 | AM294: 0.69568634 | AN294: -0.23549481 | AO294: -0.51584434 | AP294: -0.43545105 | AQ294: -0.6318429
A295: =Universe!A295 | B295: =IF(Universe!W295="","",(Universe!W295-$B$2550)/$C$2550) | C295: =IF(Universe!X295="","",(Universe!X295-$B$2551)/$C$2551) | D295: =IF(Universe!Y295="","",(Universe!Y295-$B$2552)/$C$2552) | E295: =IF(Universe!Z295="","",(Universe!Z295-$B$2553)/$C$2553) | F295: =IF(Universe!AA295="","",(Universe!AA295-$B$2554)/$C$2554) | G295: =IF(Universe!AB295="","",(Universe!AB295-$B$2555)/$C$2555) | H295: =IF(Universe!AC295="","",(Universe!AC295-$B$2556)/$C$2556) | I295: =IF(Universe!AD295="","",(Universe!AD295-$B$2557)/$C$2557) | J295: =IF(Universe!AE295="","",(Universe!AE295-$B$2558)/$C$2558) | K295: =IF(Universe!AF295="","",(Universe!AF295-$B$2559)/$C$2559) | L295: =IF(Universe!AG295="","",(Universe!AG295-$B$2560)/$C$2560) | M295: =IF(Universe!AH295="","",(Universe!AH295-$B$2561)/$C$2561) | N295: =IF(Universe!AI295="","",(Universe!AI295-$B$2562)/$C$2562) | O295: =0.74*IF(B295="",0,B295)+0.16*IF(C295="",0,C295)+0.1*IF(D295="",0,D295) | P295: =0.35*IF(E295="",0,E295)+0.35*IF(F295="",0,F295)+0.3*IF(G295="",0,G295) | Q295: =0.656*IF(I295="",0,I295)+0.344*IF(H295="",0,H295) | R295: =0.338*IF(J295="",0,J295)+0.662*IF(K295="",0,K295) | S295: =0.38*IF(L295="",0,L295)+0.35*IF(M295="",0,M295)+0.27*IF(N295="",0,N295) | T295: =IF(Universe!S295="","",((Universe!S295-$B$2565)/$C$2565)^3) | U295: =IF(Universe!S295="","",(Universe!S295-$B$2565)/$C$2565) | V295: =IF(Universe!T295="","",(Universe!T295-$B$2566)/$C$2566) | W295: =IF(Universe!U295="","",(Universe!U295-$B$2567)/$C$2567) | X295: =IF(O295="","",(O295-$B$2571)/$C$2571) | Y295: =IF(T295="","",(T295-$B$2576)/$C$2576) | Z295: =IF(Universe!V295="","",(Universe!V295-$B$2568)/$C$2568) | AA295: =IF(P295="","",(P295-$B$2572)/$C$2572) | AB295: =IF(Q295="","",(Q295-$B$2573)/$C$2573) | AC295: =IF(R295="","",(R295-$B$2574)/$C$2574) | AD295: =IF(S295="","",(S295-$B$2575)/$C$2575) | AE295: =IF(Y295="","",Y295-(19.12044933116382+16.522174187581257*U295)) | AF295: =IF(X295="","",(X295-(-0.27268023098325006+0.47142105304415904*V295+-0.3189264934812436*U295)--5.286111042926227e-16)/0.7994208745952703) | AG295: =IF(AA295="","",(AA295-(0.5248806186338691+-0.064206457956449*U295)-5.43454825424064e-16)/0.9977404048781155) | AH295: -4.2641828 | AI295: -0.74883438 | AJ295: -1.09445 | AK295: -0.90883333 | AL295: -0.8293625 | AM295: 2.767075 | AN295: -1.4706052 | AO295: 0.11902039 | AP295: -0.91508064 | AQ295: 0.43759911
A296: =Universe!A296 | B296: =IF(Universe!W296="","",(Universe!W296-$B$2550)/$C$2550) | C296: =IF(Universe!X296="","",(Universe!X296-$B$2551)/$C$2551) | D296: =IF(Universe!Y296="","",(Universe!Y296-$B$2552)/$C$2552) | E296: =IF(Universe!Z296="","",(Universe!Z296-$B$2553)/$C$2553) | F296: =IF(Universe!AA296="","",(Universe!AA296-$B$2554)/$C$2554) | G296: =IF(Universe!AB296="","",(Universe!AB296-$B$2555)/$C$2555) | H296: =IF(Universe!AC296="","",(Universe!AC296-$B$2556)/$C$2556) | I296: =IF(Universe!AD296="","",(Universe!AD296-$B$2557)/$C$2557) | J296: =IF(Universe!AE296="","",(Universe!AE296-$B$2558)/$C$2558) | K296: =IF(Universe!AF296="","",(Universe!AF296-$B$2559)/$C$2559) | L296: =IF(Universe!AG296="","",(Universe!AG296-$B$2560)/$C$2560) | M296: =IF(Universe!AH296="","",(Universe!AH296-$B$2561)/$C$2561) | N296: =IF(Universe!AI296="","",(Universe!AI296-$B$2562)/$C$2562) | O296: =0.74*IF(B296="",0,B296)+0.16*IF(C296="",0,C296)+0.1*IF(D296="",0,D296) | P296: =0.35*IF(E296="",0,E296)+0.35*IF(F296="",0,F296)+0.3*IF(G296="",0,G296) | Q296: =0.656*IF(I296="",0,I296)+0.344*IF(H296="",0,H296) | R296: =0.338*IF(J296="",0,J296)+0.662*IF(K296="",0,K296) | S296: =0.38*IF(L296="",0,L296)+0.35*IF(M296="",0,M296)+0.27*IF(N296="",0,N296) | T296: =IF(Universe!S296="","",((Universe!S296-$B$2565)/$C$2565)^3) | U296: =IF(Universe!S296="","",(Universe!S296-$B$2565)/$C$2565) | V296: =IF(Universe!T296="","",(Universe!T296-$B$2566)/$C$2566) | W296: =IF(Universe!U296="","",(Universe!U296-$B$2567)/$C$2567) | X296: =IF(O296="","",(O296-$B$2571)/$C$2571) | Y296: =IF(T296="","",(T296-$B$2576)/$C$2576) | Z296: =IF(Universe!V296="","",(Universe!V296-$B$2568)/$C$2568) | AA296: =IF(P296="","",(P296-$B$2572)/$C$2572) | AB296: =IF(Q296="","",(Q296-$B$2573)/$C$2573) | AC296: =IF(R296="","",(R296-$B$2574)/$C$2574) | AD296: =IF(S296="","",(S296-$B$2575)/$C$2575) | AE296: =IF(Y296="","",Y296-(19.12044933116382+16.522174187581257*U296)) | AF296: =IF(X296="","",(X296-(-0.27268023098325006+0.47142105304415904*V296+-0.3189264934812436*U296)--5.286111042926227e-16)/0.7994208745952703) | AG296: =IF(AA296="","",(AA296-(0.5248806186338691+-0.064206457956449*U296)-5.43454825424064e-16)/0.9977404048781155) | AH296: -2.4802233 | AI296: -0.082470868 | AJ296: -1.5147085 | AK296: -0.32359998 | AL296: 3.3649901 | AM296: 0.64024329 | AN296: -0.13439029 | AO296: 0.1320935 | AP296: -1.0481434 | AQ296: -0.29605588
A297: =Universe!A297 | B297: =IF(Universe!W297="","",(Universe!W297-$B$2550)/$C$2550) | C297: =IF(Universe!X297="","",(Universe!X297-$B$2551)/$C$2551) | D297: =IF(Universe!Y297="","",(Universe!Y297-$B$2552)/$C$2552) | E297: =IF(Universe!Z297="","",(Universe!Z297-$B$2553)/$C$2553) | F297: =IF(Universe!AA297="","",(Universe!AA297-$B$2554)/$C$2554) | G297: =IF(Universe!AB297="","",(Universe!AB297-$B$2555)/$C$2555) | H297: =IF(Universe!AC297="","",(Universe!AC297-$B$2556)/$C$2556) | I297: =IF(Universe!AD297="","",(Universe!AD297-$B$2557)/$C$2557) | J297: =IF(Universe!AE297="","",(Universe!AE297-$B$2558)/$C$2558) | K297: =IF(Universe!AF297="","",(Universe!AF297-$B$2559)/$C$2559) | L297: =IF(Universe!AG297="","",(Universe!AG297-$B$2560)/$C$2560) | M297: =IF(Universe!AH297="","",(Universe!AH297-$B$2561)/$C$2561) | N297: =IF(Universe!AI297="","",(Universe!AI297-$B$2562)/$C$2562) | O297: =0.74*IF(B297="",0,B297)+0.16*IF(C297="",0,C297)+0.1*IF(D297="",0,D297) | P297: =0.35*IF(E297="",0,E297)+0.35*IF(F297="",0,F297)+0.3*IF(G297="",0,G297) | Q297: =0.656*IF(I297="",0,I297)+0.344*IF(H297="",0,H297) | R297: =0.338*IF(J297="",0,J297)+0.662*IF(K297="",0,K297) | S297: =0.38*IF(L297="",0,L297)+0.35*IF(M297="",0,M297)+0.27*IF(N297="",0,N297) | T297: =IF(Universe!S297="","",((Universe!S297-$B$2565)/$C$2565)^3) | U297: =IF(Universe!S297="","",(Universe!S297-$B$2565)/$C$2565) | V297: =IF(Universe!T297="","",(Universe!T297-$B$2566)/$C$2566) | W297: =IF(Universe!U297="","",(Universe!U297-$B$2567)/$C$2567) | X297: =IF(O297="","",(O297-$B$2571)/$C$2571) | Y297: =IF(T297="","",(T297-$B$2576)/$C$2576) | Z297: =IF(Universe!V297="","",(Universe!V297-$B$2568)/$C$2568) | AA297: =IF(P297="","",(P297-$B$2572)/$C$2572) | AB297: =IF(Q297="","",(Q297-$B$2573)/$C$2573) | AC297: =IF(R297="","",(R297-$B$2574)/$C$2574) | AD297: =IF(S297="","",(S297-$B$2575)/$C$2575) | AE297: =IF(Y297="","",Y297-(19.12044933116382+16.522174187581257*U297)) | AF297: =IF(X297="","",(X297-(-0.27268023098325006+0.47142105304415904*V297+-0.3189264934812436*U297)--5.286111042926227e-16)/0.7994208745952703) | AG297: =IF(AA297="","",(AA297-(0.5248806186338691+-0.064206457956449*U297)-5.43454825424064e-16)/0.9977404048781155) | AH297: -3.8377166 | AI297: -0.59208639 | AJ297: -0.028812324 | AK297: -1.1359566 | AL297: 0.95661474 | AM297: 1.2266756 | AN297: -2.301913 | AO297: 0.080905191 | AP297: -0.38933229 | AQ297: -0.48972632
... A1194: =Universe!A1194 | B1194: =IF(Universe!W1194="","",(Universe!W1194-$B$2550)/$C$2550) | C1194: =IF(Universe!X1194="","",(Universe!X1194-$B$2551)/$C$2551) | D1194: =IF(Universe!Y1194="","",(Universe!Y1194-$B$2552)/$C$2552) | E1194: =IF(Universe!Z1194="","",(Universe!Z1194-$B$2553)/$C$2553) | F1194: =IF(Universe!AA1194="","",(Universe!AA1194-$B$2554)/$C$2554) | G1194: =IF(Universe!AB1194="","",(Universe!AB1194-$B$2555)/$C$2555) | H1194: =IF(Universe!AC1194="","",(Universe!AC1194-$B$2556)/$C$2556) | I1194: =IF(Universe!AD1194="","",(Universe!AD1194-$B$2557)/$C$2557) | J1194: =IF(Universe!AE1194="","",(Universe!AE1194-$B$2558)/$C$2558) | K1194: =IF(Universe!AF1194="","",(Universe!AF1194-$B$2559)/$C$2559) | L1194: =IF(Universe!AG1194="","",(Universe!AG1194-$B$2560)/$C$2560) | M1194: =IF(Universe!AH1194="","",(Universe!AH1194-$B$2561)/$C$2561) | N1194: =IF(Universe!AI1194="","",(Universe!AI1194-$B$2562)/$C$2562) | O1194: =0.74*IF(B1194="",0,B1194)+0.16*IF(C1194="",0,C1194)+0.1*IF(D1194="",0,D1194) | P1194: =0.35*IF(E1194="",0,E1194)+0.35*IF(F1194="",0,F1194)+0.3*IF(G1194="",0,G1194) | Q1194: =0.656*IF(I1194="",0,I1194)+0.344*IF(H1194="",0,H1194) | R1194: =0.338*IF(J1194="",0,J1194)+0.662*IF(K1194="",0,K1194) | S1194: =0.38*IF(L1194="",0,L1194)+0.35*IF(M1194="",0,M1194)+0.27*IF(N1194="",0,N1194) | T1194: =IF(Universe!S1194="","",((Universe!S1194-$B$2565)/$C$2565)^3) | U1194: =IF(Universe!S1194="","",(Universe!S1194-$B$2565)/$C$2565) | V1194: =IF(Universe!T1194="","",(Universe!T1194-$B$2566)/$C$2566) | W1194: =IF(Universe!U1194="","",(Universe!U1194-$B$2567)/$C$2567) | X1194: =IF(O1194="","",(O1194-$B$2571)/$C$2571) | Y1194: =IF(T1194="","",(T1194-$B$2576)/$C$2576) | Z1194: =IF(Universe!V1194="","",(Universe!V1194-$B$2568)/$C$2568) | AA1194: =IF(P1194="","",(P1194-$B$2572)/$C$2572) | AB1194: =IF(Q1194="","",(Q1194-$B$2573)/$C$2573) | AC1194: =IF(R1194="","",(R1194-$B$2574)/$C$2574) | AD1194: =IF(S1194="","",(S1194-$B$2575)/$C$2575) | AE1194: =IF(Y1194="","",Y1194-(19.12044933116382+16.522174187581257*U1194)) | AF1194: =IF(X1194="","",(X1194-(-0.27268023098325006+0.47142105304415904*V1194+-0.3189264934812436*U1194)--5.286111042926227e-16)/0.7994208745952703) | AG1194: =IF(AA1194="","",(AA1194-(0.5248806186338691+-0.064206457956449*U1194)-5.43454825424064e-16)/0.9977404048781155) | AH1194: -2.9758439 | AI1194: 2.8545511 | AJ1194: 1.7810614 | AK1194: 0.38271081 | AL1194: 2.9932833 | AM1194: -0.22282069 | AN1194: 2.8328691 | AO1194: -0.057260707 | AP1194: 1.3861084 | AQ1194: -0.57597195
A1195: =Universe!A1195 | B1195: =IF(Universe!W1195="","",(Universe!W1195-$B$2550)/$C$2550) | C1195: =IF(Universe!X1195="","",(Universe!X1195-$B$2551)/$C$2551) | D1195: =IF(Universe!Y1195="","",(Universe!Y1195-$B$2552)/$C$2552) | E1195: =IF(Universe!Z1195="","",(Universe!Z1195-$B$2553)/$C$2553) | F1195: =IF(Universe!AA1195="","",(Universe!AA1195-$B$2554)/$C$2554) | G1195: =IF(Universe!AB1195="","",(Universe!AB1195-$B$2555)/$C$2555) | H1195: =IF(Universe!AC1195="","",(Universe!AC1195-$B$2556)/$C$2556) | I1195: =IF(Universe!AD1195="","",(Universe!AD1195-$B$2557)/$C$2557) | J1195: =IF(Universe!AE1195="","",(Universe!AE1195-$B$2558)/$C$2558) | K1195: =IF(Universe!AF1195="","",(Universe!AF1195-$B$2559)/$C$2559) | L1195: =IF(Universe!AG1195="","",(Universe!AG1195-$B$2560)/$C$2560) | M1195: =IF(Universe!AH1195="","",(Universe!AH1195-$B$2561)/$C$2561) | N1195: =IF(Universe!AI1195="","",(Universe!AI1195-$B$2562)/$C$2562) | O1195: =0.74*IF(B1195="",0,B1195)+0.16*IF(C1195="",0,C1195)+0.1*IF(D1195="",0,D1195) | P1195: =0.35*IF(E1195="",0,E1195)+0.35*IF(F1195="",0,F1195)+0.3*IF(G1195="",0,G1195) | Q1195: =0.656*IF(I1195="",0,I1195)+0.344*IF(H1195="",0,H1195) | R1195: =0.338*IF(J1195="",0,J1195)+0.662*IF(K1195="",0,K1195) | S1195: =0.38*IF(L1195="",0,L1195)+0.35*IF(M1195="",0,M1195)+0.27*IF(N1195="",0,N1195) | T1195: =IF(Universe!S1195="","",((Universe!S1195-$B$2565)/$C$2565)^3) | U1195: =IF(Universe!S1195="","",(Universe!S1195-$B$2565)/$C$2565) | V1195: =IF(Universe!T1195="","",(Universe!T1195-$B$2566)/$C$2566) | W1195: =IF(Universe!U1195="","",(Universe!U1195-$B$2567)/$C$2567) | X1195: =IF(O1195="","",(O1195-$B$2571)/$C$2571) | Y1195: =IF(T1195="","",(T1195-$B$2576)/$C$2576) | Z1195: =IF(Universe!V1195="","",(Universe!V1195-$B$2568)/$C$2568) | AA1195: =IF(P1195="","",(P1195-$B$2572)/$C$2572) | AB1195: =IF(Q1195="","",(Q1195-$B$2573)/$C$2573) | AC1195: =IF(R1195="","",(R1195-$B$2574)/$C$2574) | AD1195: =IF(S1195="","",(S1195-$B$2575)/$C$2575) | AE1195: =IF(Y1195="","",Y1195-(19.12044933116382+16.522174187581257*U1195)) | AF1195: =IF(X1195="","",(X1195-(-0.27268023098325006+0.47142105304415904*V1195+-0.3189264934812436*U1195)--5.286111042926227e-16)/0.7994208745952703) | AG1195: =IF(AA1195="","",(AA1195-(0.5248806186338691+-0.064206457956449*U1195)-5.43454825424064e-16)/0.9977404048781155) | AH1195: -4.0462595 | AI1195: -1.039655 | AK1195: -0.040869276 | AL1195: 0.15385722 | AM1195: -0.24572084 | AN1195: 0.58179791 | AO1195: 1.3177515 | AP1195: 0.41845288 | AQ1195: -0.21911904
A1196: =Universe!A1196 | B1196: =IF(Universe!W1196="","",(Universe!W1196-$B$2550)/$C$2550) | C1196: =IF(Universe!X1196="","",(Universe!X1196-$B$2551)/$C$2551) | D1196: =IF(Universe!Y1196="","",(Universe!Y1196-$B$2552)/$C$2552) | E1196: =IF(Universe!Z1196="","",(Universe!Z1196-$B$2553)/$C$2553) | F1196: =IF(Universe!AA1196="","",(Universe!AA1196-$B$2554)/$C$2554) | G1196: =IF(Universe!AB1196="","",(Universe!AB1196-$B$2555)/$C$2555) | H1196: =IF(Universe!AC1196="","",(Universe!AC1196-$B$2556)/$C$2556) | I1196: =IF(Universe!AD1196="","",(Universe!AD1196-$B$2557)/$C$2557) | J1196: =IF(Universe!AE1196="","",(Universe!AE1196-$B$2558)/$C$2558) | K1196: =IF(Universe!AF1196="","",(Universe!AF1196-$B$2559)/$C$2559) | L1196: =IF(Universe!AG1196="","",(Universe!AG1196-$B$2560)/$C$2560) | M1196: =IF(Universe!AH1196="","",(Universe!AH1196-$B$2561)/$C$2561) | N1196: =IF(Universe!AI1196="","",(Universe!AI1196-$B$2562)/$C$2562) | O1196: =0.74*IF(B1196="",0,B1196)+0.16*IF(C1196="",0,C1196)+0.1*IF(D1196="",0,D1196) | P1196: =0.35*IF(E1196="",0,E1196)+0.35*IF(F1196="",0,F1196)+0.3*IF(G1196="",0,G1196) | Q1196: =0.656*IF(I1196="",0,I1196)+0.344*IF(H1196="",0,H1196) | R1196: =0.338*IF(J1196="",0,J1196)+0.662*IF(K1196="",0,K1196) | S1196: =0.38*IF(L1196="",0,L1196)+0.35*IF(M1196="",0,M1196)+0.27*IF(N1196="",0,N1196) | T1196: =IF(Universe!S1196="","",((Universe!S1196-$B$2565)/$C$2565)^3) | U1196: =IF(Universe!S1196="","",(Universe!S1196-$B$2565)/$C$2565) | V1196: =IF(Universe!T1196="","",(Universe!T1196-$B$2566)/$C$2566) | W1196: =IF(Universe!U1196="","",(Universe!U1196-$B$2567)/$C$2567) | X1196: =IF(O1196="","",(O1196-$B$2571)/$C$2571) | Y1196: =IF(T1196="","",(T1196-$B$2576)/$C$2576) | Z1196: =IF(Universe!V1196="","",(Universe!V1196-$B$2568)/$C$2568) | AA1196: =IF(P1196="","",(P1196-$B$2572)/$C$2572) | AB1196: =IF(Q1196="","",(Q1196-$B$2573)/$C$2573) | AC1196: =IF(R1196="","",(R1196-$B$2574)/$C$2574) | AD1196: =IF(S1196="","",(S1196-$B$2575)/$C$2575) | AE1196: =IF(Y1196="","",Y1196-(19.12044933116382+16.522174187581257*U1196)) | AF1196: =IF(X1196="","",(X1196-(-0.27268023098325006+0.47142105304415904*V1196+-0.3189264934812436*U1196)--5.286111042926227e-16)/0.7994208745952703) | AG1196: =IF(AA1196="","",(AA1196-(0.5248806186338691+-0.064206457956449*U1196)-5.43454825424064e-16)/0.9977404048781155) | AH1196: -4.0026676 | AI1196: 1.0406238 | AJ1196: -0.4688321 | AK1196: -1.5052905 | AL1196: 0.33258633 | AM1196: -0.37246975 | AN1196: -0.94393863 | AO1196: -0.020355968 | AP1196: 0.6406277 | AQ1196: 1.4348009
A1197: =Universe!A1197 | B1197: =IF(Universe!W1197="","",(Universe!W1197-$B$2550)/$C$2550) | C1197: =IF(Universe!X1197="","",(Universe!X1197-$B$2551)/$C$2551) | D1197: =IF(Universe!Y1197="","",(Universe!Y1197-$B$2552)/$C$2552) | E1197: =IF(Universe!Z1197="","",(Universe!Z1197-$B$2553)/$C$2553) | F1197: =IF(Universe!AA1197="","",(Universe!AA1197-$B$2554)/$C$2554) | G1197: =IF(Universe!AB1197="","",(Universe!AB1197-$B$2555)/$C$2555) | H1197: =IF(Universe!AC1197="","",(Universe!AC1197-$B$2556)/$C$2556) | I1197: =IF(Universe!AD1197="","",(Universe!AD1197-$B$2557)/$C$2557) | J1197: =IF(Universe!AE1197="","",(Universe!AE1197-$B$2558)/$C$2558) | K1197: =IF(Universe!AF1197="","",(Universe!AF1197-$B$2559)/$C$2559) | L1197: =IF(Universe!AG1197="","",(Universe!AG1197-$B$2560)/$C$2560) | M1197: =IF(Universe!AH1197="","",(Universe!AH1197-$B$2561)/$C$2561) | N1197: =IF(Universe!AI1197="","",(Universe!AI1197-$B$2562)/$C$2562) | O1197: =0.74*IF(B1197="",0,B1197)+0.16*IF(C1197="",0,C1197)+0.1*IF(D1197="",0,D1197) | P1197: =0.35*IF(E1197="",0,E1197)+0.35*IF(F1197="",0,F1197)+0.3*IF(G1197="",0,G1197) | Q1197: =0.656*IF(I1197="",0,I1197)+0.344*IF(H1197="",0,H1197) | R1197: =0.338*IF(J1197="",0,J1197)+0.662*IF(K1197="",0,K1197) | S1197: =0.38*IF(L1197="",0,L1197)+0.35*IF(M1197="",0,M1197)+0.27*IF(N1197="",0,N1197) | T1197: =IF(Universe!S1197="","",((Universe!S1197-$B$2565)/$C$2565)^3) | U1197: =IF(Universe!S1197="","",(Universe!S1197-$B$2565)/$C$2565) | V1197: =IF(Universe!T1197="","",(Universe!T1197-$B$2566)/$C$2566) | W1197: =IF(Universe!U1197="","",(Universe!U1197-$B$2567)/$C$2567) | X1197: =IF(O1197="","",(O1197-$B$2571)/$C$2571) | Y1197: =IF(T1197="","",(T1197-$B$2576)/$C$2576) | Z1197: =IF(Universe!V1197="","",(Universe!V1197-$B$2568)/$C$2568) | AA1197: =IF(P1197="","",(P1197-$B$2572)/$C$2572) | AB1197: =IF(Q1197="","",(Q1197-$B$2573)/$C$2573) | AC1197: =IF(R1197="","",(R1197-$B$2574)/$C$2574) | AD1197: =IF(S1197="","",(S1197-$B$2575)/$C$2575) | AE1197: =IF(Y1197="","",Y1197-(19.12044933116382+16.522174187581257*U1197)) | AF1197: =IF(X1197="","",(X1197-(-0.27268023098325006+0.47142105304415904*V1197+-0.3189264934812436*U1197)--5.286111042926227e-16)/0.7994208745952703) | AG1197: =IF(AA1197="","",(AA1197-(0.5248806186338691+-0.064206457956449*U1197)-5.43454825424064e-16)/0.9977404048781155) | AH1197: -1.2754176 | AI1197: -0.65745064 | AJ1197: 1.3710336 | AK1197: 1.215275 | AL1197: 2.5053219 | AM1197: -0.2449113 | AN1197: 0.5172961 | AO1197: -0.22433986 | AP1197: 0.065789292 | AQ1197: -0.14422362
A1198: =Universe!A1198 | B1198: =IF(Universe!W1198="","",(Universe!W1198-$B$2550)/$C$2550) | C1198: =IF(Universe!X1198="","",(Universe!X1198-$B$2551)/$C$2551) | D1198: =IF(Universe!Y1198="","",(Universe!Y1198-$B$2552)/$C$2552) | E1198: =IF(Universe!Z1198="","",(Universe!Z1198-$B$2553)/$C$2553) | F1198: =IF(Universe!AA1198="","",(Universe!AA1198-$B$2554)/$C$2554) | G1198: =IF(Universe!AB1198="","",(Universe!AB1198-$B$2555)/$C$2555) | H1198: =IF(Universe!AC1198="","",(Universe!AC1198-$B$2556)/$C$2556) | I1198: =IF(Universe!AD1198="","",(Universe!AD1198-$B$2557)/$C$2557) | J1198: =IF(Universe!AE1198="","",(Universe!AE1198-$B$2558)/$C$2558) | K1198: =IF(Universe!AF1198="","",(Universe!AF1198-$B$2559)/$C$2559) | L1198: =IF(Universe!AG1198="","",(Universe!AG1198-$B$2560)/$C$2560) | M1198: =IF(Universe!AH1198="","",(Universe!AH1198-$B$2561)/$C$2561) | N1198: =IF(Universe!AI1198="","",(Universe!AI1198-$B$2562)/$C$2562) | O1198: =0.74*IF(B1198="",0,B1198)+0.16*IF(C1198="",0,C1198)+0.1*IF(D1198="",0,D1198) | P1198: =0.35*IF(E1198="",0,E1198)+0.35*IF(F1198="",0,F1198)+0.3*IF(G1198="",0,G1198) | Q1198: =0.656*IF(I1198="",0,I1198)+0.344*IF(H1198="",0,H1198) | R1198: =0.338*IF(J1198="",0,J1198)+0.662*IF(K1198="",0,K1198) | S1198: =0.38*IF(L1198="",0,L1198)+0.35*IF(M1198="",0,M1198)+0.27*IF(N1198="",0,N1198) | T1198: =IF(Universe!S1198="","",((Universe!S1198-$B$2565)/$C$2565)^3) | U1198: =IF(Universe!S1198="","",(Universe!S1198-$B$2565)/$C$2565) | V1198: =IF(Universe!T1198="","",(Universe!T1198-$B$2566)/$C$2566) | W1198: =IF(Universe!U1198="","",(Universe!U1198-$B$2567)/$C$2567) | X1198: =IF(O1198="","",(O1198-$B$2571)/$C$2571) | Y1198: =IF(T1198="","",(T1198-$B$2576)/$C$2576) | Z1198: =IF(Universe!V1198="","",(Universe!V1198-$B$2568)/$C$2568) | AA1198: =IF(P1198="","",(P1198-$B$2572)/$C$2572) | AB1198: =IF(Q1198="","",(Q1198-$B$2573)/$C$2573) | AC1198: =IF(R1198="","",(R1198-$B$2574)/$C$2574) | AD1198: =IF(S1198="","",(S1198-$B$2575)/$C$2575) | AE1198: =IF(Y1198="","",Y1198-(19.12044933116382+16.522174187581257*U1198)) | AF1198: =IF(X1198="","",(X1198-(-0.27268023098325006+0.47142105304415904*V1198+-0.3189264934812436*U1198)--5.286111042926227e-16)/0.7994208745952703) | AG1198: =IF(AA1198="","",(AA1198-(0.5248806186338691+-0.064206457956449*U1198)-5.43454825424064e-16)/0.9977404048781155) | AH1198: -2.6224122 | AI1198: 0.20197313 | AJ1198: -1.561511 | AK1198: 1.4463057 | AL1198: 3.3102583 | AM1198: 0.070799251 | AN1198: 1.6309312 | AO1198: -0.11711704 | AP1198: 1.4819064 | AQ1198: -0.55416127
A1199: =Universe!A1199 | B1199: =IF(Universe!W1199="","",(Universe!W1199-$B$2550)/$C$2550) | C1199: =IF(Universe!X1199="","",(Universe!X1199-$B$2551)/$C$2551) | D1199: =IF(Universe!Y1199="","",(Universe!Y1199-$B$2552)/$C$2552) | E1199: =IF(Universe!Z1199="","",(Universe!Z1199-$B$2553)/$C$2553) | F1199: =IF(Universe!AA1199="","",(Universe!AA1199-$B$2554)/$C$2554) | G1199: =IF(Universe!AB1199="","",(Universe!AB1199-$B$2555)/$C$2555) | H1199: =IF(Universe!AC1199="","",(Universe!AC1199-$B$2556)/$C$2556) | I1199: =IF(Universe!AD1199="","",(Universe!AD1199-$B$2557)/$C$2557) | J1199: =IF(Universe!AE1199="","",(Universe!AE1199-$B$2558)/$C$2558) | K1199: =IF(Universe!AF1199="","",(Universe!AF1199-$B$2559)/$C$2559) | L1199: =IF(Universe!AG1199="","",(Universe!AG1199-$B$2560)/$C$2560) | M1199: =IF(Universe!AH1199="","",(Universe!AH1199-$B$2561)/$C$2561) | N1199: =IF(Universe!AI1199="","",(Universe!AI1199-$B$2562)/$C$2562) | O1199: =0.74*IF(B1199="",0,B1199)+0.16*IF(C1199="",0,C1199)+0.1*IF(D1199="",0,D1199) | P1199: =0.35*IF(E1199="",0,E1199)+0.35*IF(F1199="",0,F1199)+0.3*IF(G1199="",0,G1199) | Q1199: =0.656*IF(I1199="",0,I1199)+0.344*IF(H1199="",0,H1199) | R1199: =0.338*IF(J1199="",0,J1199)+0.662*IF(K1199="",0,K1199) | S1199: =0.38*IF(L1199="",0,L1199)+0.35*IF(M1199="",0,M1199)+0.27*IF(N1199="",0,N1199) | T1199: =IF(Universe!S1199="","",((Universe!S1199-$B$2565)/$C$2565)^3) | U1199: =IF(Universe!S1199="","",(Universe!S1199-$B$2565)/$C$2565) | V1199: =IF(Universe!T1199="","",(Universe!T1199-$B$2566)/$C$2566) | W1199: =IF(Universe!U1199="","",(Universe!U1199-$B$2567)/$C$2567) | X1199: =IF(O1199="","",(O1199-$B$2571)/$C$2571) | Y1199: =IF(T1199="","",(T1199-$B$2576)/$C$2576) | Z1199: =IF(Universe!V1199="","",(Universe!V1199-$B$2568)/$C$2568) | AA1199: =IF(P1199="","",(P1199-$B$2572)/$C$2572) | AB1199: =IF(Q1199="","",(Q1199-$B$2573)/$C$2573) | AC1199: =IF(R1199="","",(R1199-$B$2574)/$C$2574) | AD1199: =IF(S1199="","",(S1199-$B$2575)/$C$2575) | AE1199: =IF(Y1199="","",Y1199-(19.12044933116382+16.522174187581257*U1199)) | AF1199: =IF(X1199="","",(X1199-(-0.27268023098325006+0.47142105304415904*V1199+-0.3189264934812436*U1199)--5.286111042926227e-16)/0.7994208745952703) | AG1199: =IF(AA1199="","",(AA1199-(0.5248806186338691+-0.064206457956449*U1199)-5.43454825424064e-16)/0.9977404048781155) | AH1199: -2.7537604 | AI1199: -0.74661513 | AJ1199: -0.65660735 | AK1199: -0.04938954 | AL1199: 3.2236089 | AM1199: 1.0390978 | AN1199: 0.34842164 | AO1199: 0.29060504 | AP1199: 0.9158183 | AQ1199: -0.15813858
A1200: =Universe!A1200 | B1200: =IF(Universe!W1200="","",(Universe!W1200-$B$2550)/$C$2550) | C1200: =IF(Universe!X1200="","",(Universe!X1200-$B$2551)/$C$2551) | D1200: =IF(Universe!Y1200="","",(Universe!Y1200-$B$2552)/$C$2552) | E1200: =IF(Universe!Z1200="","",(Universe!Z1200-$B$2553)/$C$2553) | F1200: =IF(Universe!AA1200="","",(Universe!AA1200-$B$2554)/$C$2554) | G1200: =IF(Universe!AB1200="","",(Universe!AB1200-$B$2555)/$C$2555) | H1200: =IF(Universe!AC1200="","",(Universe!AC1200-$B$2556)/$C$2556) | I1200: =IF(Universe!AD1200="","",(Universe!AD1200-$B$2557)/$C$2557) | J1200: =IF(Universe!AE1200="","",(Universe!AE1200-$B$2558)/$C$2558) | K1200: =IF(Universe!AF1200="","",(Universe!AF1200-$B$2559)/$C$2559) | L1200: =IF(Universe!AG1200="","",(Universe!AG1200-$B$2560)/$C$2560) | M1200: =IF(Universe!AH1200="","",(Universe!AH1200-$B$2561)/$C$2561) | N1200: =IF(Universe!AI1200="","",(Universe!AI1200-$B$2562)/$C$2562) | O1200: =0.74*IF(B1200="",0,B1200)+0.16*IF(C1200="",0,C1200)+0.1*IF(D1200="",0,D1200) | P1200: =0.35*IF(E1200="",0,E1200)+0.35*IF(F1200="",0,F1200)+0.3*IF(G1200="",0,G1200) | Q1200: =0.656*IF(I1200="",0,I1200)+0.344*IF(H1200="",0,H1200) | R1200: =0.338*IF(J1200="",0,J1200)+0.662*IF(K1200="",0,K1200) | S1200: =0.38*IF(L1200="",0,L1200)+0.35*IF(M1200="",0,M1200)+0.27*IF(N1200="",0,N1200) | T1200: =IF(Universe!S1200="","",((Universe!S1200-$B$2565)/$C$2565)^3) | U1200: =IF(Universe!S1200="","",(Universe!S1200-$B$2565)/$C$2565) | V1200: =IF(Universe!T1200="","",(Universe!T1200-$B$2566)/$C$2566) | W1200: =IF(Universe!U1200="","",(Universe!U1200-$B$2567)/$C$2567) | X1200: =IF(O1200="","",(O1200-$B$2571)/$C$2571) | Y1200: =IF(T1200="","",(T1200-$B$2576)/$C$2576) | Z1200: =IF(Universe!V1200="","",(Universe!V1200-$B$2568)/$C$2568) | AA1200: =IF(P1200="","",(P1200-$B$2572)/$C$2572) | AB1200: =IF(Q1200="","",(Q1200-$B$2573)/$C$2573) | AC1200: =IF(R1200="","",(R1200-$B$2574)/$C$2574) | AD1200: =IF(S1200="","",(S1200-$B$2575)/$C$2575) | AE1200: =IF(Y1200="","",Y1200-(19.12044933116382+16.522174187581257*U1200)) | AF1200: =IF(X1200="","",(X1200-(-0.27268023098325006+0.47142105304415904*V1200+-0.3189264934812436*U1200)--5.286111042926227e-16)/0.7994208745952703) | AG1200: =IF(AA1200="","",(AA1200-(0.5248806186338691+-0.064206457956449*U1200)-5.43454825424064e-16)/0.9977404048781155) | AH1200: -2.4488975 | AI1200: 1.0037736 | AJ1200: -1.1509022 | AK1200: -0.30353655 | AL1200: 3.3718 | AM1200: -0.095367929 | AN1200: 0.12130762 | AO1200: -0.10324426 | AP1200: 0.66333432 | AQ1200: -0.60290702
A1201: =Universe!A1201 | B1201: =IF(Universe!W1201="","",(Universe!W1201-$B$2550)/$C$2550) | C1201: =IF(Universe!X1201="","",(Universe!X1201-$B$2551)/$C$2551) | D1201: =IF(Universe!Y1201="","",(Universe!Y1201-$B$2552)/$C$2552) | E1201: =IF(Universe!Z1201="","",(Universe!Z1201-$B$2553)/$C$2553) | F1201: =IF(Universe!AA1201="","",(Universe!AA1201-$B$2554)/$C$2554) | G1201: =IF(Universe!AB1201="","",(Universe!AB1201-$B$2555)/$C$2555) | H1201: =IF(Universe!AC1201="","",(Universe!AC1201-$B$2556)/$C$2556) | I1201: =IF(Universe!AD1201="","",(Universe!AD1201-$B$2557)/$C$2557) | J1201: =IF(Universe!AE1201="","",(Universe!AE1201-$B$2558)/$C$2558) | K1201: =IF(Universe!AF1201="","",(Universe!AF1201-$B$2559)/$C$2559) | L1201: =IF(Universe!AG1201="","",(Universe!AG1201-$B$2560)/$C$2560) | M1201: =IF(Universe!AH1201="","",(Universe!AH1201-$B$2561)/$C$2561) | N1201: =IF(Universe!AI1201="","",(Universe!AI1201-$B$2562)/$C$2562) | O1201: =0.74*IF(B1201="",0,B1201)+0.16*IF(C1201="",0,C1201)+0.1*IF(D1201="",0,D1201) | P1201: =0.35*IF(E1201="",0,E1201)+0.35*IF(F1201="",0,F1201)+0.3*IF(G1201="",0,G1201) | Q1201: =0.656*IF(I1201="",0,I1201)+0.344*IF(H1201="",0,H1201) | R1201: =0.338*IF(J1201="",0,J1201)+0.662*IF(K1201="",0,K1201) | S1201: =0.38*IF(L1201="",0,L1201)+0.35*IF(M1201="",0,M1201)+0.27*IF(N1201="",0,N1201) | T1201: =IF(Universe!S1201="","",((Universe!S1201-$B$2565)/$C$2565)^3) | U1201: =IF(Universe!S1201="","",(Universe!S1201-$B$2565)/$C$2565) | V1201: =IF(Universe!T1201="","",(Universe!T1201-$B$2566)/$C$2566) | W1201: =IF(Universe!U1201="","",(Universe!U1201-$B$2567)/$C$2567) | X1201: =IF(O1201="","",(O1201-$B$2571)/$C$2571) | Y1201: =IF(T1201="","",(T1201-$B$2576)/$C$2576) | Z1201: =IF(Universe!V1201="","",(Universe!V1201-$B$2568)/$C$2568) | AA1201: =IF(P1201="","",(P1201-$B$2572)/$C$2572) | AB1201: =IF(Q1201="","",(Q1201-$B$2573)/$C$2573) | AC1201: =IF(R1201="","",(R1201-$B$2574)/$C$2574) | AD1201: =IF(S1201="","",(S1201-$B$2575)/$C$2575) | AE1201: =IF(Y1201="","",Y1201-(19.12044933116382+16.522174187581257*U1201)) | AF1201: =IF(X1201="","",(X1201-(-0.27268023098325006+0.47142105304415904*V1201+-0.3189264934812436*U1201)--5.286111042926227e-16)/0.7994208745952703) | AG1201: =IF(AA1201="","",(AA1201-(0.5248806186338691+-0.064206457956449*U1201)-5.43454825424064e-16)/0.9977404048781155) | AH1201: -0.44250828 | AI1201: 0.67889888 | AJ1201: -0.86637402 | AK1201: 0.59591751 | AL1201: 0.99999448 | AM1201: 0.95586533 | AN1201: 0.93460348 | AO1201: -0.18836422 | AP1201: -2.1961234 | AQ1201: 0.028216794
A1202: =Universe!A1202 | B1202: =IF(Universe!W1202="","",(Universe!W1202-$B$2550)/$C$2550) | C1202: =IF(Universe!X1202="","",(Universe!X1202-$B$2551)/$C$2551) | D1202: =IF(Universe!Y1202="","",(Universe!Y1202-$B$2552)/$C$2552) | E1202: =IF(Universe!Z1202="","",(Universe!Z1202-$B$2553)/$C$2553) | F1202: =IF(Universe!AA1202="","",(Universe!AA1202-$B$2554)/$C$2554) | G1202: =IF(Universe!AB1202="","",(Universe!AB1202-$B$2555)/$C$2555) | H1202: =IF(Universe!AC1202="","",(Universe!AC1202-$B$2556)/$C$2556) | I1202: =IF(Universe!AD1202="","",(Universe!AD1202-$B$2557)/$C$2557) | J1202: =IF(Universe!AE1202="","",(Universe!AE1202-$B$2558)/$C$2558) | K1202: =IF(Universe!AF1202="","",(Universe!AF1202-$B$2559)/$C$2559) | L1202: =IF(Universe!AG1202="","",(Universe!AG1202-$B$2560)/$C$2560) | M1202: =IF(Universe!AH1202="","",(Universe!AH1202-$B$2561)/$C$2561) | N1202: =IF(Universe!AI1202="","",(Universe!AI1202-$B$2562)/$C$2562) | O1202: =0.74*IF(B1202="",0,B1202)+0.16*IF(C1202="",0,C1202)+0.1*IF(D1202="",0,D1202) | P1202: =0.35*IF(E1202="",0,E1202)+0.35*IF(F1202="",0,F1202)+0.3*IF(G1202="",0,G1202) | Q1202: =0.656*IF(I1202="",0,I1202)+0.344*IF(H1202="",0,H1202) | R1202: =0.338*IF(J1202="",0,J1202)+0.662*IF(K1202="",0,K1202) | S1202: =0.38*IF(L1202="",0,L1202)+0.35*IF(M1202="",0,M1202)+0.27*IF(N1202="",0,N1202) | T1202: =IF(Universe!S1202="","",((Universe!S1202-$B$2565)/$C$2565)^3) | U1202: =IF(Universe!S1202="","",(Universe!S1202-$B$2565)/$C$2565) | V1202: =IF(Universe!T1202="","",(Universe!T1202-$B$2566)/$C$2566) | W1202: =IF(Universe!U1202="","",(Universe!U1202-$B$2567)/$C$2567) | X1202: =IF(O1202="","",(O1202-$B$2571)/$C$2571) | Y1202: =IF(T1202="","",(T1202-$B$2576)/$C$2576) | Z1202: =IF(Universe!V1202="","",(Universe!V1202-$B$2568)/$C$2568) | AA1202: =IF(P1202="","",(P1202-$B$2572)/$C$2572) | AB1202: =IF(Q1202="","",(Q1202-$B$2573)/$C$2573) | AC1202: =IF(R1202="","",(R1202-$B$2574)/$C$2574) | AD1202: =IF(S1202="","",(S1202-$B$2575)/$C$2575) | AE1202: =IF(Y1202="","",Y1202-(19.12044933116382+16.522174187581257*U1202)) | AF1202: =IF(X1202="","",(X1202-(-0.27268023098325006+0.47142105304415904*V1202+-0.3189264934812436*U1202)--5.286111042926227e-16)/0.7994208745952703) | AG1202: =IF(AA1202="","",(AA1202-(0.5248806186338691+-0.064206457956449*U1202)-5.43454825424064e-16)/0.9977404048781155) | AH1202: -0.11047994 | AI1202: -0.21444391 | AJ1202: -0.00012894347 | AK1202: 0.25305499 | AL1202: 0.30949248 | AM1202: -0.16978272 | AN1202: -0.65557825 | AO1202: -0.090939206 | AP1202: 0.083618873 | AQ1202: -0.25536526
A1203: =Universe!A1203 | B1203: =IF(Universe!W1203="","",(Universe!W1203-$B$2550)/$C$2550) | C1203: =IF(Universe!X1203="","",(Universe!X1203-$B$2551)/$C$2551) | D1203: =IF(Universe!Y1203="","",(Universe!Y1203-$B$2552)/$C$2552) | E1203: =IF(Universe!Z1203="","",(Universe!Z1203-$B$2553)/$C$2553) | F1203: =IF(Universe!AA1203="","",(Universe!AA1203-$B$2554)/$C$2554) | G1203: =IF(Universe!AB1203="","",(Universe!AB1203-$B$2555)/$C$2555) | H1203: =IF(Universe!AC1203="","",(Universe!AC1203-$B$2556)/$C$2556) | I1203: =IF(Universe!AD1203="","",(Universe!AD1203-$B$2557)/$C$2557) | J1203: =IF(Universe!AE1203="","",(Universe!AE1203-$B$2558)/$C$2558) | K1203: =IF(Universe!AF1203="","",(Universe!AF1203-$B$2559)/$C$2559) | L1203: =IF(Universe!AG1203="","",(Universe!AG1203-$B$2560)/$C$2560) | M1203: =IF(Universe!AH1203="","",(Universe!AH1203-$B$2561)/$C$2561) | N1203: =IF(Universe!AI1203="","",(Universe!AI1203-$B$2562)/$C$2562) | O1203: =0.74*IF(B1203="",0,B1203)+0.16*IF(C1203="",0,C1203)+0.1*IF(D1203="",0,D1203) | P1203: =0.35*IF(E1203="",0,E1203)+0.35*IF(F1203="",0,F1203)+0.3*IF(G1203="",0,G1203) | Q1203: =0.656*IF(I1203="",0,I1203)+0.344*IF(H1203="",0,H1203) | R1203: =0.338*IF(J1203="",0,J1203)+0.662*IF(K1203="",0,K1203) | S1203: =0.38*IF(L1203="",0,L1203)+0.35*IF(M1203="",0,M1203)+0.27*IF(N1203="",0,N1203) | T1203: =IF(Universe!S1203="","",((Universe!S1203-$B$2565)/$C$2565)^3) | U1203: =IF(Universe!S1203="","",(Universe!S1203-$B$2565)/$C$2565) | V1203: =IF(Universe!T1203="","",(Universe!T1203-$B$2566)/$C$2566) | W1203: =IF(Universe!U1203="","",(Universe!U1203-$B$2567)/$C$2567) | X1203: =IF(O1203="","",(O1203-$B$2571)/$C$2571) | Y1203: =IF(T1203="","",(T1203-$B$2576)/$C$2576) | Z1203: =IF(Universe!V1203="","",(Universe!V1203-$B$2568)/$C$2568) | AA1203: =IF(P1203="","",(P1203-$B$2572)/$C$2572) | AB1203: =IF(Q1203="","",(Q1203-$B$2573)/$C$2573) | AC1203: =IF(R1203="","",(R1203-$B$2574)/$C$2574) | AD1203: =IF(S1203="","",(S1203-$B$2575)/$C$2575) | AE1203: =IF(Y1203="","",Y1203-(19.12044933116382+16.522174187581257*U1203)) | AF1203: =IF(X1203="","",(X1203-(-0.27268023098325006+0.47142105304415904*V1203+-0.3189264934812436*U1203)--5.286111042926227e-16)/0.7994208745952703) | AG1203: =IF(AA1203="","",(AA1203-(0.5248806186338691+-0.064206457956449*U1203)-5.43454825424064e-16)/0.9977404048781155) | AH1203: -2.9103978 | AI1203: -1.8675992 | AJ1203: -0.13825368 | AK1203: -0.11451558 | AL1203: 3.0724828 | AM1203: 0.35413434 | AN1203: 0.078072597 | AO1203: 0.29154754 | AP1203: -1.060661 | AQ1203: 0.098614097
A1204: =Universe!A1204 | B1204: =IF(Universe!W1204="","",(Universe!W1204-$B$2550)/$C$2550) | C1204: =IF(Universe!X1204="","",(Universe!X1204-$B$2551)/$C$2551) | D1204: =IF(Universe!Y1204="","",(Universe!Y1204-$B$2552)/$C$2552) | E1204: =IF(Universe!Z1204="","",(Universe!Z1204-$B$2553)/$C$2553) | F1204: =IF(Universe!AA1204="","",(Universe!AA1204-$B$2554)/$C$2554) | G1204: =IF(Universe!AB1204="","",(Universe!AB1204-$B$2555)/$C$2555) | H1204: =IF(Universe!AC1204="","",(Universe!AC1204-$B$2556)/$C$2556) | I1204: =IF(Universe!AD1204="","",(Universe!AD1204-$B$2557)/$C$2557) | J1204: =IF(Universe!AE1204="","",(Universe!AE1204-$B$2558)/$C$2558) | K1204: =IF(Universe!AF1204="","",(Universe!AF1204-$B$2559)/$C$2559) | L1204: =IF(Universe!AG1204="","",(Universe!AG1204-$B$2560)/$C$2560) | M1204: =IF(Universe!AH1204="","",(Universe!AH1204-$B$2561)/$C$2561) | N1204: =IF(Universe!AI1204="","",(Universe!AI1204-$B$2562)/$C$2562) | O1204: =0.74*IF(B1204="",0,B1204)+0.16*IF(C1204="",0,C1204)+0.1*IF(D1204="",0,D1204) | P1204: =0.35*IF(E1204="",0,E1204)+0.35*IF(F1204="",0,F1204)+0.3*IF(G1204="",0,G1204) | Q1204: =0.656*IF(I1204="",0,I1204)+0.344*IF(H1204="",0,H1204) | R1204: =0.338*IF(J1204="",0,J1204)+0.662*IF(K1204="",0,K1204) | S1204: =0.38*IF(L1204="",0,L1204)+0.35*IF(M1204="",0,M1204)+0.27*IF(N1204="",0,N1204) | T1204: =IF(Universe!S1204="","",((Universe!S1204-$B$2565)/$C$2565)^3) | U1204: =IF(Universe!S1204="","",(Universe!S1204-$B$2565)/$C$2565) | V1204: =IF(Universe!T1204="","",(Universe!T1204-$B$2566)/$C$2566) | W1204: =IF(Universe!U1204="","",(Universe!U1204-$B$2567)/$C$2567) | X1204: =IF(O1204="","",(O1204-$B$2571)/$C$2571) | Y1204: =IF(T1204="","",(T1204-$B$2576)/$C$2576) | Z1204: =IF(Universe!V1204="","",(Universe!V1204-$B$2568)/$C$2568) | AA1204: =IF(P1204="","",(P1204-$B$2572)/$C$2572) | AB1204: =IF(Q1204="","",(Q1204-$B$2573)/$C$2573) | AC1204: =IF(R1204="","",(R1204-$B$2574)/$C$2574) | AD1204: =IF(S1204="","",(S1204-$B$2575)/$C$2575) | AE1204: =IF(Y1204="","",Y1204-(19.12044933116382+16.522174187581257*U1204)) | AF1204: =IF(X1204="","",(X1204-(-0.27268023098325006+0.47142105304415904*V1204+-0.3189264934812436*U1204)--5.286111042926227e-16)/0.7994208745952703) | AG1204: =IF(AA1204="","",(AA1204-(0.5248806186338691+-0.064206457956449*U1204)-5.43454825424064e-16)/0.9977404048781155) | AH1204: -1.4815716 | AI1204: -1.255307 | AJ1204: -0.61589458 | AK1204: -0.16226099 | AL1204: 2.7902784 | AM1204: 0.44556024 | AN1204: -0.75970377 | AO1204: 0.01928996 | AP1204: -0.11320871 | AQ1204: 0.40517187
A1205: =Universe!A1205 | B1205: =IF(Universe!W1205="","",(Universe!W1205-$B$2550)/$C$2550) | C1205: =IF(Universe!X1205="","",(Universe!X1205-$B$2551)/$C$2551) | D1205: =IF(Universe!Y1205="","",(Universe!Y1205-$B$2552)/$C$2552) | E1205: =IF(Universe!Z1205="","",(Universe!Z1205-$B$2553)/$C$2553) | F1205: =IF(Universe!AA1205="","",(Universe!AA1205-$B$2554)/$C$2554) | G1205: =IF(Universe!AB1205="","",(Universe!AB1205-$B$2555)/$C$2555) | H1205: =IF(Universe!AC1205="","",(Universe!AC1205-$B$2556)/$C$2556) | I1205: =IF(Universe!AD1205="","",(Universe!AD1205-$B$2557)/$C$2557) | J1205: =IF(Universe!AE1205="","",(Universe!AE1205-$B$2558)/$C$2558) | K1205: =IF(Universe!AF1205="","",(Universe!AF1205-$B$2559)/$C$2559) | L1205: =IF(Universe!AG1205="","",(Universe!AG1205-$B$2560)/$C$2560) | M1205: =IF(Universe!AH1205="","",(Universe!AH1205-$B$2561)/$C$2561) | N1205: =IF(Universe!AI1205="","",(Universe!AI1205-$B$2562)/$C$2562) | O1205: =0.74*IF(B1205="",0,B1205)+0.16*IF(C1205="",0,C1205)+0.1*IF(D1205="",0,D1205) | P1205: =0.35*IF(E1205="",0,E1205)+0.35*IF(F1205="",0,F1205)+0.3*IF(G1205="",0,G1205) | Q1205: =0.656*IF(I1205="",0,I1205)+0.344*IF(H1205="",0,H1205) | R1205: =0.338*IF(J1205="",0,J1205)+0.662*IF(K1205="",0,K1205) | S1205: =0.38*IF(L1205="",0,L1205)+0.35*IF(M1205="",0,M1205)+0.27*IF(N1205="",0,N1205) | T1205: =IF(Universe!S1205="","",((Universe!S1205-$B$2565)/$C$2565)^3) | U1205: =IF(Universe!S1205="","",(Universe!S1205-$B$2565)/$C$2565) | V1205: =IF(Universe!T1205="","",(Universe!T1205-$B$2566)/$C$2566) | W1205: =IF(Universe!U1205="","",(Universe!U1205-$B$2567)/$C$2567) | X1205: =IF(O1205="","",(O1205-$B$2571)/$C$2571) | Y1205: =IF(T1205="","",(T1205-$B$2576)/$C$2576) | Z1205: =IF(Universe!V1205="","",(Universe!V1205-$B$2568)/$C$2568) | AA1205: =IF(P1205="","",(P1205-$B$2572)/$C$2572) | AB1205: =IF(Q1205="","",(Q1205-$B$2573)/$C$2573) | AC1205: =IF(R1205="","",(R1205-$B$2574)/$C$2574) | AD1205: =IF(S1205="","",(S1205-$B$2575)/$C$2575) | AE1205: =IF(Y1205="","",Y1205-(19.12044933116382+16.522174187581257*U1205)) | AF1205: =IF(X1205="","",(X1205-(-0.27268023098325006+0.47142105304415904*V1205+-0.3189264934812436*U1205)--5.286111042926227e-16)/0.7994208745952703) | AG1205: =IF(AA1205="","",(AA1205-(0.5248806186338691+-0.064206457956449*U1205)-5.43454825424064e-16)/0.9977404048781155) | AH1205: -3.088125 | AI1205: 0.53787892 | AJ1205: -0.74609296 | AK1205: -0.7603395 | AL1205: 2.8345085 | AM1205: 0.95179352 | AN1205: -0.85671649 | AO1205: 0.091767163 | AP1205: 0.50029451 | AQ1205: -0.4757162
A1206: =Universe!A1206 | B1206: =IF(Universe!W1206="","",(Universe!W1206-$B$2550)/$C$2550) | C1206: =IF(Universe!X1206="","",(Universe!X1206-$B$2551)/$C$2551) | D1206: =IF(Universe!Y1206="","",(Universe!Y1206-$B$2552)/$C$2552) | E1206: =IF(Universe!Z1206="","",(Universe!Z1206-$B$2553)/$C$2553) | F1206: =IF(Universe!AA1206="","",(Universe!AA1206-$B$2554)/$C$2554) | G1206: =IF(Universe!AB1206="","",(Universe!AB1206-$B$2555)/$C$2555) | H1206: =IF(Universe!AC1206="","",(Universe!AC1206-$B$2556)/$C$2556) | I1206: =IF(Universe!AD1206="","",(Universe!AD1206-$B$2557)/$C$2557) | J1206: =IF(Universe!AE1206="","",(Universe!AE1206-$B$2558)/$C$2558) | K1206: =IF(Universe!AF1206="","",(Universe!AF1206-$B$2559)/$C$2559) | L1206: =IF(Universe!AG1206="","",(Universe!AG1206-$B$2560)/$C$2560) | M1206: =IF(Universe!AH1206="","",(Universe!AH1206-$B$2561)/$C$2561) | N1206: =IF(Universe!AI1206="","",(Universe!AI1206-$B$2562)/$C$2562) | O1206: =0.74*IF(B1206="",0,B1206)+0.16*IF(C1206="",0,C1206)+0.1*IF(D1206="",0,D1206) | P1206: =0.35*IF(E1206="",0,E1206)+0.35*IF(F1206="",0,F1206)+0.3*IF(G1206="",0,G1206) | Q1206: =0.656*IF(I1206="",0,I1206)+0.344*IF(H1206="",0,H1206) | R1206: =0.338*IF(J1206="",0,J1206)+0.662*IF(K1206="",0,K1206) | S1206: =0.38*IF(L1206="",0,L1206)+0.35*IF(M1206="",0,M1206)+0.27*IF(N1206="",0,N1206) | T1206: =IF(Universe!S1206="","",((Universe!S1206-$B$2565)/$C$2565)^3) | U1206: =IF(Universe!S1206="","",(Universe!S1206-$B$2565)/$C$2565) | V1206: =IF(Universe!T1206="","",(Universe!T1206-$B$2566)/$C$2566) | W1206: =IF(Universe!U1206="","",(Universe!U1206-$B$2567)/$C$2567) | X1206: =IF(O1206="","",(O1206-$B$2571)/$C$2571) | Y1206: =IF(T1206="","",(T1206-$B$2576)/$C$2576) | Z1206: =IF(Universe!V1206="","",(Universe!V1206-$B$2568)/$C$2568) | AA1206: =IF(P1206="","",(P1206-$B$2572)/$C$2572) | AB1206: =IF(Q1206="","",(Q1206-$B$2573)/$C$2573) | AC1206: =IF(R1206="","",(R1206-$B$2574)/$C$2574) | AD1206: =IF(S1206="","",(S1206-$B$2575)/$C$2575) | AE1206: =IF(Y1206="","",Y1206-(19.12044933116382+16.522174187581257*U1206)) | AF1206: =IF(X1206="","",(X1206-(-0.27268023098325006+0.47142105304415904*V1206+-0.3189264934812436*U1206)--5.286111042926227e-16)/0.7994208745952703) | AG1206: =IF(AA1206="","",(AA1206-(0.5248806186338691+-0.064206457956449*U1206)-5.43454825424064e-16)/0.9977404048781155) | AH1206: -1.6047161 | AI1206: 2.5532932 | AJ1206: 2.0745025 | AK1206: 1.1240097 | AL1206: 2.9378802 | AM1206: -0.2006518 | AN1206: 2.6511071 | AO1206: -0.21722565 | AP1206: 1.6090061 | AQ1206: -0.61299716
A1207: =Universe!A1207 | B1207: =IF(Universe!W1207="","",(Universe!W1207-$B$2550)/$C$2550) | C1207: =IF(Universe!X1207="","",(Universe!X1207-$B$2551)/$C$2551) | D1207: =IF(Universe!Y1207="","",(Universe!Y1207-$B$2552)/$C$2552) | E1207: =IF(Universe!Z1207="","",(Universe!Z1207-$B$2553)/$C$2553) | F1207: =IF(Universe!AA1207="","",(Universe!AA1207-$B$2554)/$C$2554) | G1207: =IF(Universe!AB1207="","",(Universe!AB1207-$B$2555)/$C$2555) | H1207: =IF(Universe!AC1207="","",(Universe!AC1207-$B$2556)/$C$2556) | I1207: =IF(Universe!AD1207="","",(Universe!AD1207-$B$2557)/$C$2557) | J1207: =IF(Universe!AE1207="","",(Universe!AE1207-$B$2558)/$C$2558) | K1207: =IF(Universe!AF1207="","",(Universe!AF1207-$B$2559)/$C$2559) | L1207: =IF(Universe!AG1207="","",(Universe!AG1207-$B$2560)/$C$2560) | M1207: =IF(Universe!AH1207="","",(Universe!AH1207-$B$2561)/$C$2561) | N1207: =IF(Universe!AI1207="","",(Universe!AI1207-$B$2562)/$C$2562) | O1207: =0.74*IF(B1207="",0,B1207)+0.16*IF(C1207="",0,C1207)+0.1*IF(D1207="",0,D1207) | P1207: =0.35*IF(E1207="",0,E1207)+0.35*IF(F1207="",0,F1207)+0.3*IF(G1207="",0,G1207) | Q1207: =0.656*IF(I1207="",0,I1207)+0.344*IF(H1207="",0,H1207) | R1207: =0.338*IF(J1207="",0,J1207)+0.662*IF(K1207="",0,K1207) | S1207: =0.38*IF(L1207="",0,L1207)+0.35*IF(M1207="",0,M1207)+0.27*IF(N1207="",0,N1207) | T1207: =IF(Universe!S1207="","",((Universe!S1207-$B$2565)/$C$2565)^3) | U1207: =IF(Universe!S1207="","",(Universe!S1207-$B$2565)/$C$2565) | V1207: =IF(Universe!T1207="","",(Universe!T1207-$B$2566)/$C$2566) | W1207: =IF(Universe!U1207="","",(Universe!U1207-$B$2567)/$C$2567) | X1207: =IF(O1207="","",(O1207-$B$2571)/$C$2571) | Y1207: =IF(T1207="","",(T1207-$B$2576)/$C$2576) | Z1207: =IF(Universe!V1207="","",(Universe!V1207-$B$2568)/$C$2568) | AA1207: =IF(P1207="","",(P1207-$B$2572)/$C$2572) | AB1207: =IF(Q1207="","",(Q1207-$B$2573)/$C$2573) | AC1207: =IF(R1207="","",(R1207-$B$2574)/$C$2574) | AD1207: =IF(S1207="","",(S1207-$B$2575)/$C$2575) | AE1207: =IF(Y1207="","",Y1207-(19.12044933116382+16.522174187581257*U1207)) | AF1207: =IF(X1207="","",(X1207-(-0.27268023098325006+0.47142105304415904*V1207+-0.3189264934812436*U1207)--5.286111042926227e-16)/0.7994208745952703) | AG1207: =IF(AA1207="","",(AA1207-(0.5248806186338691+-0.064206457956449*U1207)-5.43454825424064e-16)/0.9977404048781155) | AH1207: -2.038657 | AI1207: -0.39720679 | AJ1207: -0.17793089 | AK1207: 0.037189856 | AL1207: 3.2995995 | AM1207: -0.18330572 | AN1207: 0.16802098 | AO1207: 0.054333395 | AP1207: -1.0817963 | AQ1207: 0.40209318
... A1428: =Universe!A1428 | B1428: =IF(Universe!W1428="","",(Universe!W1428-$B$2550)/$C$2550) | C1428: =IF(Universe!X1428="","",(Universe!X1428-$B$2551)/$C$2551) | D1428: =IF(Universe!Y1428="","",(Universe!Y1428-$B$2552)/$C$2552) | E1428: =IF(Universe!Z1428="","",(Universe!Z1428-$B$2553)/$C$2553) | F1428: =IF(Universe!AA1428="","",(Universe!AA1428-$B$2554)/$C$2554) | G1428: =IF(Universe!AB1428="","",(Universe!AB1428-$B$2555)/$C$2555) | H1428: =IF(Universe!AC1428="","",(Universe!AC1428-$B$2556)/$C$2556) | I1428: =IF(Universe!AD1428="","",(Universe!AD1428-$B$2557)/$C$2557) | J1428: =IF(Universe!AE1428="","",(Universe!AE1428-$B$2558)/$C$2558) | K1428: =IF(Universe!AF1428="","",(Universe!AF1428-$B$2559)/$C$2559) | L1428: =IF(Universe!AG1428="","",(Universe!AG1428-$B$2560)/$C$2560) | M1428: =IF(Universe!AH1428="","",(Universe!AH1428-$B$2561)/$C$2561) | N1428: =IF(Universe!AI1428="","",(Universe!AI1428-$B$2562)/$C$2562) | O1428: =0.74*IF(B1428="",0,B1428)+0.16*IF(C1428="",0,C1428)+0.1*IF(D1428="",0,D1428) | P1428: =0.35*IF(E1428="",0,E1428)+0.35*IF(F1428="",0,F1428)+0.3*IF(G1428="",0,G1428) | Q1428: =0.656*IF(I1428="",0,I1428)+0.344*IF(H1428="",0,H1428) | R1428: =0.338*IF(J1428="",0,J1428)+0.662*IF(K1428="",0,K1428) | S1428: =0.38*IF(L1428="",0,L1428)+0.35*IF(M1428="",0,M1428)+0.27*IF(N1428="",0,N1428) | T1428: =IF(Universe!S1428="","",((Universe!S1428-$B$2565)/$C$2565)^3) | U1428: =IF(Universe!S1428="","",(Universe!S1428-$B$2565)/$C$2565) | V1428: =IF(Universe!T1428="","",(Universe!T1428-$B$2566)/$C$2566) | W1428: =IF(Universe!U1428="","",(Universe!U1428-$B$2567)/$C$2567) | X1428: =IF(O1428="","",(O1428-$B$2571)/$C$2571) | Y1428: =IF(T1428="","",(T1428-$B$2576)/$C$2576) | Z1428: =IF(Universe!V1428="","",(Universe!V1428-$B$2568)/$C$2568) | AA1428: =IF(P1428="","",(P1428-$B$2572)/$C$2572) | AB1428: =IF(Q1428="","",(Q1428-$B$2573)/$C$2573) | AC1428: =IF(R1428="","",(R1428-$B$2574)/$C$2574) | AD1428: =IF(S1428="","",(S1428-$B$2575)/$C$2575) | AE1428: =IF(Y1428="","",Y1428-(19.12044933116382+16.522174187581257*U1428)) | AF1428: =IF(X1428="","",(X1428-(-0.27268023098325006+0.47142105304415904*V1428+-0.3189264934812436*U1428)--5.286111042926227e-16)/0.7994208745952703) | AG1428: =IF(AA1428="","",(AA1428-(0.5248806186338691+-0.064206457956449*U1428)-5.43454825424064e-16)/0.9977404048781155) | AH1428: -3.5797294 | AI1428: 0.2995196 | AJ1428: -1.1911035 | AK1428: -0.065922236 | AL1428: 1.7732878 | AM1428: -0.32480204 | AN1428: -0.034840764 | AO1428: -0.45999805 | AP1428: 0.024146068 | AQ1428: 0.76363494
A1429: =Universe!A1429 | B1429: =IF(Universe!W1429="","",(Universe!W1429-$B$2550)/$C$2550) | C1429: =IF(Universe!X1429="","",(Universe!X1429-$B$2551)/$C$2551) | D1429: =IF(Universe!Y1429="","",(Universe!Y1429-$B$2552)/$C$2552) | E1429: =IF(Universe!Z1429="","",(Universe!Z1429-$B$2553)/$C$2553) | F1429: =IF(Universe!AA1429="","",(Universe!AA1429-$B$2554)/$C$2554) | G1429: =IF(Universe!AB1429="","",(Universe!AB1429-$B$2555)/$C$2555) | H1429: =IF(Universe!AC1429="","",(Universe!AC1429-$B$2556)/$C$2556) | I1429: =IF(Universe!AD1429="","",(Universe!AD1429-$B$2557)/$C$2557) | J1429: =IF(Universe!AE1429="","",(Universe!AE1429-$B$2558)/$C$2558) | K1429: =IF(Universe!AF1429="","",(Universe!AF1429-$B$2559)/$C$2559) | L1429: =IF(Universe!AG1429="","",(Universe!AG1429-$B$2560)/$C$2560) | M1429: =IF(Universe!AH1429="","",(Universe!AH1429-$B$2561)/$C$2561) | N1429: =IF(Universe!AI1429="","",(Universe!AI1429-$B$2562)/$C$2562) | O1429: =0.74*IF(B1429="",0,B1429)+0.16*IF(C1429="",0,C1429)+0.1*IF(D1429="",0,D1429) | P1429: =0.35*IF(E1429="",0,E1429)+0.35*IF(F1429="",0,F1429)+0.3*IF(G1429="",0,G1429) | Q1429: =0.656*IF(I1429="",0,I1429)+0.344*IF(H1429="",0,H1429) | R1429: =0.338*IF(J1429="",0,J1429)+0.662*IF(K1429="",0,K1429) | S1429: =0.38*IF(L1429="",0,L1429)+0.35*IF(M1429="",0,M1429)+0.27*IF(N1429="",0,N1429) | T1429: =IF(Universe!S1429="","",((Universe!S1429-$B$2565)/$C$2565)^3) | U1429: =IF(Universe!S1429="","",(Universe!S1429-$B$2565)/$C$2565) | V1429: =IF(Universe!T1429="","",(Universe!T1429-$B$2566)/$C$2566) | W1429: =IF(Universe!U1429="","",(Universe!U1429-$B$2567)/$C$2567) | X1429: =IF(O1429="","",(O1429-$B$2571)/$C$2571) | Y1429: =IF(T1429="","",(T1429-$B$2576)/$C$2576) | Z1429: =IF(Universe!V1429="","",(Universe!V1429-$B$2568)/$C$2568) | AA1429: =IF(P1429="","",(P1429-$B$2572)/$C$2572) | AB1429: =IF(Q1429="","",(Q1429-$B$2573)/$C$2573) | AC1429: =IF(R1429="","",(R1429-$B$2574)/$C$2574) | AD1429: =IF(S1429="","",(S1429-$B$2575)/$C$2575) | AE1429: =IF(Y1429="","",Y1429-(19.12044933116382+16.522174187581257*U1429)) | AF1429: =IF(X1429="","",(X1429-(-0.27268023098325006+0.47142105304415904*V1429+-0.3189264934812436*U1429)--5.286111042926227e-16)/0.7994208745952703) | AG1429: =IF(AA1429="","",(AA1429-(0.5248806186338691+-0.064206457956449*U1429)-5.43454825424064e-16)/0.9977404048781155) | AH1429: -3.4045663 | AI1429: 1.2928061 | AK1429: 0.59362381 | AL1429: 2.222794 | AM1429: 0.26322869 | AN1429: -1.9779052 | AO1429: -0.5771538 | AP1429: 5.6634601 | AQ1429: -0.44056856
